7.3829e+01,1.9275e+03,6.9895e+01,1.9938e+00,4.1408e+02,4.3131e+04,-2.1167e+03,-1.5905e+01,-1.9778e+02,9.0670e-01
7.3827e+01,1.9097e+03,6.9032e+01,1.8982e+00,4.2828e+02,4.2802e+04,-2.0056e+03,-1.5153e+01,-1.9856e+02,1.6976e+00
7.3285e+01,1.9071e+03,7.8989e+01,1.9979e+00,4.2580e+02,4.2486e+04,-2.4863e+03,-1.5425e+01,-1.9397e+02,1.6431e+00
7.3300e+01,1.9577e+03,7.3042e+01,1.8415e+00,4.4428e+02,4.3458e+04,-2.1234e+03,-1.4861e+01,-1.9320e+02,6.4788e-01
7.3887e+01,1.8969e+03,6.1445e+01,1.8403e+00,4.4703e+02,4.2684e+04,-2.0016e+03,-1.4914e+01,-1.9936e+02,1.5666e+00
7.3285e+01,1.9359e+03,6.8822e+01,1.9980e+00,4.0543e+02,4.3169e+04,-2.1638e+03,-1.5284e+01,-1.9592e+02,7.0598e-01
7.3308e+01,1.9091e+03,7.8999e+01,1.8934e+00,4.2582e+02,4.2709e+04,-2.0230e+03,-1.4552e+01,-1.9722e+02,8.5655e-01
7.3651e+01,1.8946e+03,6.2071e+01,1.9999e+00,4.4547e+02,4.2606e+04,-2.2304e+03,-1.5995e+01,-1.9866e+02,8.2787e-01
7.3669e+01,1.8954e+03,6.1427e+01,1.9168e+00,4.4606e+02,4.2554e+04,-2.2246e+03,-1.5195e+01,-1.9766e+02,7.2591e-01
7.3332e+01,1.8976e+03,6.7968e+01,1.9997e+00,4.7113e+02,4.2609e+04,-2.2716e+03,-1.6106e+01,-1.9934e+02,7.8935e-01
7.3316e+01,1.9136e+03,6.2403e+01,1.9840e+00,4.2381e+02,4.2929e+04,-2.0738e+03,-1.5766e+01,-1.9786e+02,2.6661e+00
7.3330e+01,1.9098e+03,6.8183e+01,1.8306e+00,4.2373e+02,4.2878e+04,-2.0579e+03,-1.4632e+01,-1.9698e+02,1.4244e+00
7.3800e+01,1.8930e+03,6.7259e+01,1.9043e+00,4.4617e+02,4.2533e+04,-2.0884e+03,-1.5226e+01,-1.9940e+02,7.7412e-01
7.3324e+01,1.8899e+03,6.6265e+01,1.8603e+00,4.4989e+02,4.2532e+04,-2.1079e+03,-1.4760e+01,-1.9773e+02,2.7223e+00
7.3829e+01,1.9353e+03,7.3399e+01,1.8681e+00,4.2160e+02,4.3211e+04,-2.0781e+03,-1.4949e+01,-1.9654e+02,1.8259e+00
7.3960e+01,1.9197e+03,6.2371e+01,1.9948e+00,4.1639e+02,4.2978e+04,-2.1889e+03,-1.5716e+01,-1.9633e+02,1.5974e+00
7.3282e+01,1.8832e+03,6.2071e+01,1.9813e+00,4.8080e+02,4.2140e+04,-2.4660e+03,-1.5504e+01,-1.9661e+02,1.5901e+00
7.3275e+01,1.8846e+03,6.8206e+01,1.9877e+00,4.6742e+02,4.2153e+04,-2.5138e+03,-1.5482e+01,-1.9597e+02,8.2333e-01
7.3863e+01,1.9430e+03,7.1690e+01,1.9296e+00,4.1512e+02,4.3353e+04,-2.1269e+03,-1.5418e+01,-1.9632e+02,9.0075e-01
7.3343e+01,1.9125e+03,6.1087e+01,1.9966e+00,4.7230e+02,4.2853e+04,-2.2592e+03,-1.6011e+01,-1.9844e+02,7.3896e-01
7.3348e+01,1.9146e+03,6.3355e+01,1.9425e+00,4.3889e+02,4.2575e+04,-2.1781e+03,-1.5183e+01,-1.9326e+02,1.6407e+00
7.3831e+01,1.8880e+03,7.8103e+01,1.9998e+00,4.5119e+02,4.2369e+04,-2.3875e+03,-1.5931e+01,-1.9745e+02,9.3134e-01
7.3415e+01,1.9071e+03,6.9545e+01,1.8363e+00,4.4829e+02,4.2699e+04,-2.0394e+03,-1.5007e+01,-1.9782e+02,5.7002e-01
7.3349e+01,1.8862e+03,6.1849e+01,1.9589e+00,4.5268e+02,4.2384e+04,-2.2048e+03,-1.4992e+01,-1.9853e+02,9.7247e-01
7.3943e+01,1.9279e+03,6.8688e+01,1.8524e+00,4.2150e+02,4.3113e+04,-2.0090e+03,-1.5018e+01,-1.9730e+02,8.8512e-01
7.3319e+01,1.8923e+03,6.9091e+01,1.9414e+00,4.8847e+02,4.2275e+04,-2.3840e+03,-1.5214e+01,-1.9601e+02,1.6331e+00
7.3295e+01,1.8979e+03,6.9189e+01,1.9963e+00,4.4991e+02,4.2733e+04,-2.1994e+03,-1.6113e+01,-1.9975e+02,1.7746e+00
7.3328e+01,1.8994e+03,6.8523e+01,1.8423e+00,4.7343e+02,4.2639e+04,-2.0585e+03,-1.4992e+01,-1.9911e+02,7.7981e-01
7.3825e+01,1.9115e+03,7.9642e+01,1.9661e+00,4.2219e+02,4.2728e+04,-2.3410e+03,-1.5307e+01,-1.9411e+02,1.6344e+00
7.3342e+01,1.9221e+03,6.2059e+01,1.8399e+00,4.4396e+02,4.3007e+04,-2.0174e+03,-1.4640e+01,-1.9797e+02,5.0533e-01
7.3316e+01,1.9230e+03,6.1493e+01,1.9556e+00,4.9221e+02,4.3031e+04,-2.1229e+03,-1.5859e+01,-1.9771e+02,1.8771e+00
7.3299e+01,1.9106e+03,6.1721e+01,1.9532e+00,4.8914e+02,4.2882e+04,-2.0543e+03,-1.5829e+01,-1.9952e+02,1.3807e+00
7.3320e+01,1.8958e+03,7.8164e+01,1.8287e+00,4.4952e+02,4.2592e+04,-2.0460e+03,-1.5190e+01,-1.9891e+02,6.7230e-01
7.3294e+01,1.8973e+03,6.6821e+01,1.9736e+00,4.4691e+02,4.2701e+04,-2.0515e+03,-1.6044e+01,-1.9964e+02,7.4811e-01
7.3295e+01,1.8834e+03,7.8298e+01,1.9408e+00,4.8466e+02,4.2214e+04,-2.3756e+03,-1.5344e+01,-1.9739e+02,1.3143e+00
7.3830e+01,1.9214e+03,6.8895e+01,1.9956e+00,4.1751e+02,4.3008e+04,-2.1891e+03,-1.5426e+01,-1.9694e+02,8.5005e-01
7.3309e+01,1.8866e+03,7.6474e+01,1.8262e+00,4.4959e+02,4.2362e+04,-2.0448e+03,-1.4757e+01,-1.9942e+02,9.1030e-01
7.3377e+01,1.8910e+03,6.1393e+01,2.0000e+00,4.6813e+02,4.2438e+04,-2.2727e+03,-1.5958e+01,-1.9896e+02,9.4532e-01
7.3688e+01,1.8971e+03,6.0850e+01,1.9221e+00,4.6539e+02,4.2602e+04,-2.2129e+03,-1.5248e+01,-1.9853e+02,7.6586e-01
7.3363e+01,1.9186e+03,6.7068e+01,1.9826e+00,4.1750e+02,4.2988e+04,-2.0634e+03,-1.5449e+01,-1.9769e+02,7.7372e-01
7.3882e+01,1.9523e+03,6.4078e+01,1.9411e+00,4.1201e+02,4.3508e+04,-2.0007e+03,-1.5676e+01,-1.9572e+02,7.9679e-01
7.3616e+01,1.8925e+03,6.2599e+01,1.9891e+00,4.4254e+02,4.2321e+04,-2.4623e+03,-1.5398e+01,-1.9540e+02,1.5296e+00
7.3309e+01,1.9005e+03,7.8554e+01,1.8534e+00,4.4804e+02,4.2733e+04,-2.1156e+03,-1.5007e+01,-1.9814e+02,1.5872e+00
7.3783e+01,1.8912e+03,6.1586e+01,1.9404e+00,4.4668e+02,4.2384e+04,-2.2782e+03,-1.5210e+01,-1.9663e+02,1.5712e+00
7.3315e+01,1.8980e+03,6.1620e+01,1.8369e+00,4.7410e+02,4.2760e+04,-2.0177e+03,-1.4985e+01,-1.9900e+02,1.5120e+00
7.3298e+01,1.9132e+03,6.2725e+01,1.8547e+00,4.4940e+02,4.2798e+04,-2.0911e+03,-1.4712e+01,-1.9581e+02,2.6868e+00
7.3301e+01,1.9018e+03,6.2400e+01,1.9881e+00,4.4660e+02,4.2632e+04,-2.3013e+03,-1.5481e+01,-1.9655e+02,6.5039e-01
7.3288e+01,1.9235e+03,6.1572e+01,1.9837e+00,4.4250e+02,4.3134e+04,-2.0519e+03,-1.6068e+01,-1.9946e+02,5.2669e-01
7.3270e+01,1.9189e+03,6.3710e+01,1.9889e+00,4.1554e+02,4.2665e+04,-2.3999e+03,-1.5124e+01,-1.9258e+02,2.6949e+00
7.3628e+01,1.8862e+03,6.1818e+01,1.8357e+00,4.6495e+02,4.2426e+04,-2.0765e+03,-1.4910e+01,-1.9975e+02,8.3561e-01
7.3329e+01,1.9233e+03,6.8082e+01,1.9763e+00,4.1494e+02,4.3076e+04,-2.0759e+03,-1.5947e+01,-1.9564e+02,8.7872e-01
7.3310e+01,1.8927e+03,7.0918e+01,1.9338e+00,4.5219e+02,4.2618e+04,-2.1706e+03,-1.5249e+01,-1.9940e+02,1.8156e+00
7.3294e+01,1.9189e+03,6.9083e+01,1.9684e+00,4.2122e+02,4.3008e+04,-2.0139e+03,-1.5732e+01,-1.9753e+02,2.8650e+00
7.3300e+01,1.9165e+03,6.9176e+01,1.9498e+00,4.4631e+02,4.2704e+04,-2.4228e+03,-1.5237e+01,-1.9469e+02,1.5870e+00
7.3385e+01,1.8897e+03,7.2763e+01,1.9637e+00,4.8663e+02,4.2438e+04,-2.1166e+03,-1.5832e+01,-1.9897e+02,2.8764e+00
7.3409e+01,1.9181e+03,6.2214e+01,1.9214e+00,4.2024e+02,4.2964e+04,-2.0134e+03,-1.5307e+01,-1.9729e+02,2.6859e+00
7.3276e+01,1.9303e+03,7.9787e+01,1.9716e+00,4.0856e+02,4.2948e+04,-2.4196e+03,-1.5691e+01,-1.9325e+02,1.4844e+00
7.3923e+01,1.9033e+03,6.1586e+01,1.9641e+00,4.4018e+02,4.2877e+04,-2.0011e+03,-1.5910e+01,-1.9969e+02,1.7674e+00
7.3934e+01,1.9515e+03,6.2340e+01,1.9283e+00,4.1480e+02,4.3360e+04,-2.1521e+03,-1.5024e+01,-1.9317e+02,8.3771e-01
7.3929e+01,1.9336e+03,7.1172e+01,1.9995e+00,4.2642e+02,4.3100e+04,-2.3212e+03,-1.5712e+01,-1.9561e+02,1.7074e+00
7.3393e+01,1.9154e+03,6.1970e+01,1.9984e+00,4.2177e+02,4.3017e+04,-2.0237e+03,-1.5442e+01,-1.9842e+02,1.5878e+00
7.3976e+01,1.9116e+03,6.1579e+01,1.9290e+00,4.2532e+02,4.2942e+04,-2.0217e+03,-1.5507e+01,-1.9854e+02,1.8419e+00
7.3949e+01,1.9069e+03,6.1954e+01,1.8799e+00,4.2820e+02,4.2770e+04,-2.0049e+03,-1.4574e+01,-1.9782e+02,1.5005e+00
7.3305e+01,1.8870e+03,6.1030e+01,1.9948e+00,4.9100e+02,4.2386e+04,-2.2503e+03,-1.5461e+01,-1.9961e+02,1.7933e+00
7.3295e+01,1.8982e+03,6.2630e+01,1.8965e+00,4.3992e+02,4.2367e+04,-2.2211e+03,-1.4826e+01,-1.9519e+02,1.6825e+00
7.3833e+01,1.9192e+03,6.4866e+01,1.9976e+00,4.1516e+02,4.2820e+04,-2.4092e+03,-1.5276e+01,-1.9352e+02,1.7244e+00
7.3279e+01,1.8910e+03,7.9741e+01,1.9621e+00,4.5141e+02,4.2235e+04,-2.4527e+03,-1.5389e+01,-1.9554e+02,1.7269e+00
7.3357e+01,1.9296e+03,6.2712e+01,1.8373e+00,4.2107e+02,4.3110e+04,-2.0215e+03,-1.4574e+01,-1.9699e+02,1.5976e+00
7.3320e+01,1.8961e+03,6.2675e+01,1.9982e+00,4.4440e+02,4.2566e+04,-2.2539e+03,-1.6011e+01,-1.9873e+02,6.7556e-01
7.3822e+01,1.9099e+03,7.1703e+01,1.9344e+00,4.2261e+02,4.2666e+04,-2.1964e+03,-1.4905e+01,-1.9280e+02,1.6112e+00
7.3328e+01,1.9159e+03,6.9198e+01,1.8509e+00,4.1842e+02,4.2913e+04,-2.0437e+03,-1.4935e+01,-1.9658e+02,1.5235e+00
7.3304e+01,1.9216e+03,7.9827e+01,1.9473e+00,4.1474e+02,4.3012e+04,-2.1375e+03,-1.5901e+01,-1.9518e+02,1.6577e+00
7.3334e+01,1.8907e+03,6.1721e+01,1.9583e+00,4.5019e+02,4.2328e+04,-2.1716e+03,-1.5365e+01,-1.9695e+02,7.8017e-01
7.3864e+01,1.9310e+03,6.1402e+01,1.9482e+00,4.7351e+02,4.3384e+04,-2.0449e+03,-1.5844e+01,-1.9918e+02,1.7506e+00
7.3780e+01,1.9120e+03,6.1702e+01,1.8622e+00,4.3336e+02,4.2826e+04,-2.0949e+03,-1.4768e+01,-1.9607e+02,1.7875e+00
7.3806e+01,1.9248e+03,7.0847e+01,1.9708e+00,4.0771e+02,4.2916e+04,-2.3459e+03,-1.5170e+01,-1.9273e+02,1.6636e+00
7.3378e+01,1.9012e+03,7.8850e+01,1.9388e+00,4.5657e+02,4.2803e+04,-2.0096e+03,-1.6060e+01,-2.0048e+02,6.6943e-01
7.3305e+01,1.9232e+03,6.1937e+01,1.9957e+00,4.4797e+02,4.3044e+04,-2.2045e+03,-1.5376e+01,-1.9819e+02,5.8526e-01
7.3292e+01,1.9092e+03,7.9367e+01,1.9733e+00,4.2354e+02,4.2583e+04,-2.3117e+03,-1.5478e+01,-1.9435e+02,7.6097e-01
7.3807e+01,1.9179e+03,6.1294e+01,1.9961e+00,4.4455e+02,4.3024e+04,-2.1460e+03,-1.5994e+01,-1.9925e+02,6.5931e-01
7.3332e+01,1.9093e+03,6.8676e+01,1.9401e+00,4.7453e+02,4.2868e+04,-2.0659e+03,-1.5820e+01,-2.0000e+02,7.6015e-01
7.3310e+01,1.8882e+03,6.2718e+01,1.8546e+00,4.6822e+02,4.2202e+04,-2.0021e+03,-1.4741e+01,-1.9609e+02,2.7766e+00
7.3959e+01,1.8977e+03,6.1508e+01,1.9198e+00,4.5153e+02,4.2716e+04,-2.1218e+03,-1.5173e+01,-1.9970e+02,1.7109e+00
7.3274e+01,1.9261e+03,6.8973e+01,1.9805e+00,4.1549e+02,4.2775e+04,-2.3403e+03,-1.5137e+01,-1.9269e+02,7.0090e-01
7.3314e+01,1.9250e+03,6.1688e+01,1.9174e+00,4.3987e+02,4.3141e+04,-2.0424e+03,-1.5472e+01,-1.9904e+02,5.4180e-01
7.3302e+01,1.9100e+03,6.2012e+01,1.8340e+00,4.4124e+02,4.2912e+04,-2.0060e+03,-1.4790e+01,-1.9672e+02,1.7150e+00
7.3869e+01,1.9115e+03,6.2666e+01,1.9984e+00,4.2545e+02,4.2874e+04,-2.1644e+03,-1.5386e+01,-1.9788e+02,1.7864e+00
7.3868e+01,1.9187e+03,6.9075e+01,1.9490e+00,4.2098e+02,4.3103e+04,-2.0102e+03,-1.5798e+01,-1.9665e+02,1.0650e+00
7.3771e+01,1.8876e+03,7.0132e+01,1.9380e+00,4.5749e+02,4.2569e+04,-2.0306e+03,-1.5718e+01,-2.0080e+02,1.7575e+00
7.3326e+01,1.8848e+03,6.8718e+01,1.9189e+00,4.9385e+02,4.2341e+04,-2.2212e+03,-1.5263e+01,-1.9888e+02,1.5645e+00
7.3352e+01,1.9294e+03,7.0589e+01,1.9163e+00,4.1102e+02,4.3157e+04,-2.0081e+03,-1.5232e+01,-1.9754e+02,8.1907e-01
7.3319e+01,1.9763e+03,7.3209e+01,1.9545e+00,4.0700e+02,4.3767e+04,-2.1676e+03,-1.4914e+01,-1.9141e+02,6.1581e-01
7.3303e+01,1.8931e+03,6.1245e+01,1.9909e+00,4.4515e+02,4.2553e+04,-2.1828e+03,-1.5980e+01,-1.9973e+02,6.8221e-01
7.3340e+01,1.8875e+03,6.7953e+01,1.9935e+00,4.7735e+02,4.2421e+04,-2.1949e+03,-1.5853e+01,-1.9981e+02,2.8001e+00
7.3900e+01,1.9291e+03,6.2060e+01,1.9977e+00,4.0843e+02,4.3260e+04,-2.1022e+03,-1.5963e+01,-1.9775e+02,1.8443e+00
7.3311e+01,1.8855e+03,6.5805e+01,1.8250e+00,4.6698e+02,4.2366e+04,-2.0649e+03,-1.4844e+01,-1.9927e+02,8.1626e-01
7.3889e+01,1.9023e+03,7.9114e+01,1.8973e+00,4.3210e+02,4.2729e+04,-2.0115e+03,-1.5104e+01,-1.9847e+02,1.1431e+00
7.3314e+01,1.8879e+03,6.8181e+01,1.8285e+00,4.4636e+02,4.2383e+04,-2.0890e+03,-1.4793e+01,-1.9842e+02,7.2753e-01
7.3855e+01,1.9100e+03,7.9733e+01,1.9373e+00,4.5165e+02,4.2835e+04,-2.1326e+03,-1.5868e+01,-1.9880e+02,8.2519e-01
7.3309e+01,1.9076e+03,6.8413e+01,1.9973e+00,4.4424e+02,4.2757e+04,-2.2612e+03,-1.5997e+01,-1.9839e+02,6.5967e-01
7.3766e+01,1.9299e+03,6.0916e+01,1.9931e+00,4.1207e+02,4.3150e+04,-2.1559e+03,-1.5522e+01,-1.9703e+02,7.0728e-01
7.3283e+01,1.8909e+03,6.1640e+01,1.9988e+00,4.4611e+02,4.2433e+04,-2.2730e+03,-1.5907e+01,-1.9878e+02,9.1251e-01
7.3772e+01,1.9157e+03,6.2529e+01,1.8403e+00,4.4474e+02,4.2941e+04,-2.0016e+03,-1.4987e+01,-1.9883e+02,7.6940e-01
7.3296e+01,1.9105e+03,6.8146e+01,1.9009e+00,4.2302e+02,4.2604e+04,-2.1148e+03,-1.4555e+01,-1.9395e+02,1.3527e+00
7.3320e+01,1.9331e+03,6.8865e+01,1.9962e+00,4.2745e+02,4.3108e+04,-2.3387e+03,-1.5496e+01,-1.9565e+02,1.6615e+00
7.3306e+01,1.9185e+03,6.8834e+01,1.9891e+00,4.1900e+02,4.2966e+04,-2.2039e+03,-1.5499e+01,-1.9718e+02,1.6270e+00
7.3813e+01,1.9010e+03,7.1307e+01,1.9736e+00,4.3322e+02,4.2538e+04,-2.3606e+03,-1.5140e+01,-1.9474e+02,1.6920e+00
7.3335e+01,1.9341e+03,6.2031e+01,1.9295e+00,4.4848e+02,4.3223e+04,-2.1304e+03,-1.5252e+01,-1.9720e+02,1.5395e+00
7.3291e+01,1.9020e+03,7.9286e+01,1.9873e+00,4.4777e+02,4.2695e+04,-2.2130e+03,-1.6217e+01,-1.9939e+02,5.9534e-01
7.3356e+01,1.9854e+03,7.1223e+01,1.9764e+00,4.1115e+02,4.3667e+04,-2.5014e+03,-1.5174e+01,-1.8725e+02,5.6950e-01
7.3331e+01,1.9167e+03,6.8323e+01,1.8438e+00,4.4670e+02,4.2969e+04,-2.0010e+03,-1.5078e+01,-1.9861e+02,6.0641e-01
7.3403e+01,1.9160e+03,6.1979e+01,1.9537e+00,4.2052e+02,4.2889e+04,-2.0528e+03,-1.4726e+01,-1.9736e+02,7.3089e-01
7.3778e+01,1.9149e+03,6.2433e+01,1.8943e+00,4.1860e+02,4.2857e+04,-2.1422e+03,-1.4722e+01,-1.9580e+02,8.8129e-01
7.3298e+01,1.9305e+03,6.2352e+01,1.9221e+00,4.1195e+02,4.3196e+04,-2.0101e+03,-1.5351e+01,-1.9755e+02,1.7901e+00
7.3724e+01,1.8857e+03,6.0331e+01,1.9027e+00,4.7243e+02,4.2463e+04,-2.1225e+03,-1.5253e+01,-1.9986e+02,9.4031e-01
7.3371e+01,1.9135e+03,7.9580e+01,1.9832e+00,4.2678e+02,4.2895e+04,-2.0722e+03,-1.6196e+01,-1.9863e+02,7.6431e-01
7.3313e+01,1.8869e+03,6.1818e+01,1.9960e+00,4.5854e+02,4.2196e+04,-2.5146e+03,-1.5501e+01,-1.9631e+02,7.2419e-01
7.3809e+01,1.9128e+03,6.7804e+01,1.9764e+00,4.2426e+02,4.2677e+04,-2.3028e+03,-1.5353e+01,-1.9542e+02,9.1601e-01
7.3270e+01,1.9217e+03,7.8350e+01,1.9942e+00,4.1226e+02,4.2817e+04,-2.4544e+03,-1.5760e+01,-1.9310e+02,1.5224e+00
7.3297e+01,1.9181e+03,6.9549e+01,1.9948e+00,4.4926e+02,4.2830e+04,-2.3924e+03,-1.5787e+01,-1.9514e+02,1.6278e+00
7.3329e+01,1.9235e+03,7.9769e+01,1.9367e+00,4.4788e+02,4.3089e+04,-2.1336e+03,-1.5980e+01,-1.9827e+02,5.3708e-01
7.3287e+01,1.8851e+03,7.1700e+01,1.9234e+00,4.6229e+02,4.2302e+04,-2.1685e+03,-1.5106e+01,-1.9877e+02,2.7952e+00
7.3311e+01,1.8843e+03,6.1711e+01,1.8895e+00,4.6831e+02,4.2250e+04,-2.2052e+03,-1.4936e+01,-1.9817e+02,1.4830e+00
7.3853e+01,1.9353e+03,6.3524e+01,1.9961e+00,4.3913e+02,4.3081e+04,-2.3628e+03,-1.5659e+01,-1.9453e+02,7.4718e-01
7.3290e+01,1.9033e+03,7.8250e+01,1.9417e+00,4.7392e+02,4.2688e+04,-2.1919e+03,-1.5987e+01,-1.9885e+02,7.5907e-01
7.3809e+01,1.8854e+03,7.9321e+01,1.8633e+00,4.8867e+02,4.2467e+04,-2.0943e+03,-1.5352e+01,-1.9992e+02,1.1858e+00
7.3827e+01,1.9362e+03,7.1326e+01,1.9709e+00,4.4876e+02,4.3333e+04,-2.1077e+03,-1.5992e+01,-1.9788e+02,5.7291e-01
7.3845e+01,1.9002e+03,7.3490e+01,1.9558e+00,4.5405e+02,4.2756e+04,-2.1199e+03,-1.5987e+01,-1.9959e+02,1.7632e+00
7.3814e+01,1.8915e+03,6.1468e+01,1.9036e+00,4.4688e+02,4.2506e+04,-2.0690e+03,-1.5068e+01,-1.9701e+02,8.0563e-01
7.3321e+01,1.8878e+03,7.7680e+01,1.8287e+00,4.4996e+02,4.2398e+04,-2.0403e+03,-1.5139e+01,-1.9933e+02,1.3033e+00
7.3324e+01,1.9153e+03,7.9585e+01,1.9120e+00,4.1788e+02,4.2748e+04,-2.2629e+03,-1.5344e+01,-1.9450e+02,7.3637e-01
7.3296e+01,1.9670e+03,7.4521e+01,1.8554e+00,4.2050e+02,4.3611e+04,-2.0969e+03,-1.4824e+01,-1.9248e+02,2.0852e+00
7.3286e+01,1.9469e+03,7.0285e+01,1.9371e+00,4.0829e+02,4.3188e+04,-2.3625e+03,-1.5032e+01,-1.9250e+02,1.7291e+00
7.3319e+01,1.9322e+03,6.8683e+01,1.9959e+00,4.4425e+02,4.3091e+04,-2.3364e+03,-1.5808e+01,-1.9584e+02,1.6631e+00
7.3323e+01,1.8840e+03,6.1796e+01,1.9899e+00,4.5941e+02,4.2238e+04,-2.2180e+03,-1.5103e+01,-1.9810e+02,2.8190e+00
7.3804e+01,1.8983e+03,7.1238e+01,1.9976e+00,4.6977e+02,4.2504e+04,-2.4037e+03,-1.5722e+01,-1.9615e+02,1.7392e+00
7.3303e+01,1.9208e+03,7.8989e+01,1.9840e+00,4.1601e+02,4.2964e+04,-2.2010e+03,-1.6094e+01,-1.9686e+02,1.4407e+00
7.3823e+01,1.9073e+03,6.2729e+01,1.8376e+00,4.2774e+02,4.2795e+04,-2.0251e+03,-1.4589e+01,-1.9563e+02,1.7167e+00
7.3287e+01,1.9153e+03,7.8714e+01,1.9846e+00,4.2292e+02,4.2867e+04,-2.1342e+03,-1.5883e+01,-1.9694e+02,2.8508e+00
7.3360e+01,1.9186e+03,6.2535e+01,1.9199e+00,4.1791e+02,4.2955e+04,-2.0001e+03,-1.5147e+01,-1.9514e+02,1.5339e+00
7.3794e+01,1.8979e+03,6.1663e+01,1.9946e+00,4.4765e+02,4.2803e+04,-2.1287e+03,-1.6071e+01,-2.0050e+02,1.6119e+00
7.3297e+01,1.8886e+03,6.2029e+01,1.8863e+00,4.4646e+02,4.2327e+04,-2.0761e+03,-1.4766e+01,-1.9746e+02,8.2036e-01
7.3702e+01,1.9300e+03,6.1759e+01,1.9215e+00,4.1499e+02,4.3200e+04,-2.0014e+03,-1.5504e+01,-1.9790e+02,7.6737e-01
7.3723e+01,1.8876e+03,6.1596e+01,1.9470e+00,4.5041e+02,4.2403e+04,-2.2281e+03,-1.5049e+01,-1.9864e+02,8.3330e-01
7.3753e+01,1.9182e+03,6.6178e+01,1.9826e+00,4.1894e+02,4.3059e+04,-2.0936e+03,-1.5965e+01,-1.9836e+02,8.7829e-01
7.3926e+01,1.9429e+03,7.3157e+01,1.9768e+00,4.0692e+02,4.3516e+04,-2.0846e+03,-1.5875e+01,-1.9659e+02,1.8269e+00
7.3339e+01,1.8952e+03,6.1595e+01,1.8272e+00,4.6410e+02,4.2536e+04,-2.0579e+03,-1.4834e+01,-1.9921e+02,7.2213e-01
7.3284e+01,1.9363e+03,6.3290e+01,1.9970e+00,4.4465e+02,4.3082e+04,-2.3907e+03,-1.5686e+01,-1.9433e+02,1.4488e+00
7.3294e+01,1.9131e+03,7.8630e+01,1.9873e+00,4.2215e+02,4.2801e+04,-2.1900e+03,-1.5302e+01,-1.9743e+02,1.4788e+00
7.3352e+01,1.9134e+03,6.2277e+01,1.8816e+00,4.2205e+02,4.2803e+04,-2.0601e+03,-1.4648e+01,-1.9647e+02,6.9189e-01
7.3346e+01,1.9102e+03,7.8331e+01,1.8561e+00,4.2367e+02,4.2747e+04,-2.0444e+03,-1.4927e+01,-1.9646e+02,2.8255e+00
7.3291e+01,1.9231e+03,6.8921e+01,2.0000e+00,4.4183e+02,4.3030e+04,-2.2354e+03,-1.5994e+01,-1.9792e+02,5.4285e-01
7.3325e+01,1.9177e+03,6.2157e+01,1.9915e+00,4.2064e+02,4.2917e+04,-2.1224e+03,-1.5691e+01,-1.9738e+02,2.7450e+00
7.3815e+01,1.9122e+03,7.8881e+01,1.9094e+00,4.2214e+02,4.2851e+04,-2.1106e+03,-1.5334e+01,-1.9718e+02,9.5036e-01
7.3705e+01,1.8865e+03,6.1421e+01,1.9831e+00,4.7292e+02,4.2293e+04,-2.4092e+03,-1.5472e+01,-1.9717e+02,9.6483e-01
7.3341e+01,1.9098e+03,6.2609e+01,1.8862e+00,4.2645e+02,4.2730e+04,-2.0232e+03,-1.4577e+01,-1.9667e+02,2.7366e+00
7.3391e+01,1.8946e+03,6.1645e+01,1.9982e+00,4.4532e+02,4.2279e+04,-2.5050e+03,-1.5436e+01,-1.9510e+02,1.0656e+00
7.3740e+01,1.9009e+03,6.1269e+01,1.9982e+00,4.3928e+02,4.2687e+04,-2.1144e+03,-1.5813e+01,-1.9898e+02,2.8120e+00
7.3850e+01,1.9176e+03,7.9398e+01,1.9969e+00,4.2030e+02,4.2849e+04,-2.3633e+03,-1.5786e+01,-1.9460e+02,1.0265e+00
7.3337e+01,1.9029e+03,6.1740e+01,1.9169e+00,4.6049e+02,4.2656e+04,-2.1609e+03,-1.5038e+01,-1.9857e+02,2.9274e+00
7.3271e+01,1.9335e+03,7.9301e+01,1.9950e+00,4.0761e+02,4.3020e+04,-2.4447e+03,-1.5785e+01,-1.9257e+02,7.2502e-01
7.3861e+01,1.9176e+03,6.9956e+01,1.9994e+00,4.2188e+02,4.3053e+04,-2.1323e+03,-1.6058e+01,-1.9822e+02,1.4741e+00
7.3287e+01,1.9179e+03,6.2595e+01,1.9986e+00,4.2139e+02,4.2878e+04,-2.1494e+03,-1.5693e+01,-1.9650e+02,2.8155e+00
7.3309e+01,1.9093e+03,7.0155e+01,1.9969e+00,4.2786e+02,4.2772e+04,-2.0239e+03,-1.5185e+01,-1.9793e+02,1.6651e+00
7.3811e+01,1.8878e+03,7.9055e+01,1.9985e+00,4.5640e+02,4.2354e+04,-2.4017e+03,-1.5985e+01,-1.9765e+02,1.5703e+00
7.3425e+01,1.8891e+03,7.8180e+01,1.9274e+00,4.7432e+02,4.2554e+04,-2.0577e+03,-1.6110e+01,-2.0084e+02,8.3551e-01
7.3306e+01,1.9164e+03,7.8691e+01,1.9388e+00,4.2065e+02,4.2951e+04,-2.0585e+03,-1.6052e+01,-1.9827e+02,1.6904e+00
7.3324e+01,1.8890e+03,6.8867e+01,1.9375e+00,4.9231e+02,4.2488e+04,-2.0282e+03,-1.5822e+01,-2.0030e+02,1.7644e+00
7.3323e+01,1.8881e+03,7.3453e+01,1.9633e+00,4.9050e+02,4.2221e+04,-2.2211e+03,-1.5742e+01,-1.9624e+02,1.6023e+00
7.3316e+01,1.8959e+03,7.1274e+01,1.9596e+00,4.4589e+02,4.2433e+04,-2.0151e+03,-1.5674e+01,-1.9599e+02,1.4733e+00
7.3828e+01,1.8844e+03,6.0584e+01,1.9145e+00,4.9831e+02,4.2405e+04,-2.1866e+03,-1.5245e+01,-1.9948e+02,1.9216e+00
7.3284e+01,1.8884e+03,6.6758e+01,1.9990e+00,4.6822e+02,4.2401e+04,-2.3246e+03,-1.5856e+01,-1.9744e+02,8.7733e-01
7.3307e+01,1.8981e+03,6.1910e+01,1.9124e+00,4.3874e+02,4.2654e+04,-2.0868e+03,-1.5347e+01,-1.9822e+02,7.3138e-01
7.3727e+01,1.8893e+03,7.7674e+01,1.9384e+00,4.5474e+02,4.2581e+04,-2.0521e+03,-1.6019e+01,-2.0096e+02,8.6125e-01
7.3310e+01,1.8865e+03,6.1431e+01,1.9084e+00,4.6375e+02,4.2465e+04,-2.0460e+03,-1.5150e+01,-2.0034e+02,2.6401e+00
7.3338e+01,1.9221e+03,6.1921e+01,1.8451e+00,4.4280e+02,4.3121e+04,-2.0094e+03,-1.4838e+01,-1.9796e+02,1.5159e+00
7.3816e+01,1.8986e+03,6.6487e+01,1.8413e+00,4.4468e+02,4.2682e+04,-2.0078e+03,-1.4969e+01,-1.9984e+02,8.1500e-01
7.3899e+01,1.9147e+03,6.9622e+01,1.8440e+00,4.2685e+02,4.2813e+04,-2.0216e+03,-1.4877e+01,-1.9590e+02,1.7541e+00
7.3304e+01,1.9032e+03,7.9412e+01,1.9523e+00,4.5115e+02,4.2856e+04,-2.1475e+03,-1.6036e+01,-1.9975e+02,1.5189e+00
7.3874e+01,1.9048e+03,6.1411e+01,1.9452e+00,4.7426e+02,4.2820e+04,-2.0518e+03,-1.5829e+01,-2.0052e+02,9.6831e-01
7.3286e+01,1.9200e+03,6.1948e+01,1.9979e+00,4.4701e+02,4.3012e+04,-2.1799e+03,-1.6071e+01,-1.9862e+02,1.5001e+00
7.3293e+01,1.8885e+03,7.9013e+01,1.9945e+00,4.5398e+02,4.2431e+04,-2.2217e+03,-1.6237e+01,-1.9923e+02,1.7048e+00
7.3291e+01,1.9281e+03,6.9061e+01,1.8546e+00,4.2431e+02,4.2774e+04,-2.1172e+03,-1.4458e+01,-1.9225e+02,1.5682e+00
7.3812e+01,1.8854e+03,7.9288e+01,1.9906e+00,4.5981e+02,4.2331e+04,-2.4005e+03,-1.5662e+01,-1.9745e+02,9.3229e-01
7.3767e+01,1.8860e+03,6.8718e+01,1.9461e+00,4.8930e+02,4.2477e+04,-2.1992e+03,-1.5750e+01,-1.9977e+02,1.3237e+00
7.3323e+01,1.8972e+03,6.1308e+01,1.8956e+00,4.4789e+02,4.2642e+04,-2.0364e+03,-1.4791e+01,-1.9954e+02,6.9371e-01
7.3305e+01,1.8953e+03,6.1965e+01,1.9870e+00,4.7219e+02,4.2559e+04,-2.2552e+03,-1.5712e+01,-1.9974e+02,7.4559e-01
7.3314e+01,1.9215e+03,6.1953e+01,1.8416e+00,4.7065e+02,4.2992e+04,-2.0410e+03,-1.4988e+01,-1.9788e+02,7.2842e-01
7.3366e+01,1.8859e+03,6.1182e+01,1.8891e+00,4.6551e+02,4.2381e+04,-2.1266e+03,-1.5126e+01,-1.9811e+02,9.0639e-01
7.3731e+01,1.9000e+03,7.0646e+01,1.9966e+00,4.4536e+02,4.2728e+04,-2.1670e+03,-1.6229e+01,-2.0004e+02,8.3782e-01
7.3281e+01,1.9357e+03,6.2585e+01,1.9990e+00,4.4596e+02,4.3164e+04,-2.2599e+03,-1.5969e+01,-1.9598e+02,5.4825e-01
7.3780e+01,1.9132e+03,6.1022e+01,1.8361e+00,4.2237e+02,4.2939e+04,-2.0131e+03,-1.4574e+01,-1.9750e+02,1.4612e+00
7.3829e+01,1.9365e+03,7.8993e+01,1.9652e+00,4.0767e+02,4.3322e+04,-2.0882e+03,-1.6086e+01,-1.9716e+02,7.5568e-01
7.3831e+01,1.9160e+03,7.9145e+01,1.9817e+00,4.2289e+02,4.3006e+04,-2.1127e+03,-1.6013e+01,-1.9853e+02,1.7306e+00
7.3358e+01,1.9393e+03,7.1569e+01,1.9352e+00,4.1275e+02,4.3299e+04,-2.1336e+03,-1.5248e+01,-1.9622e+02,1.6261e+00
7.3774e+01,1.8839e+03,7.7100e+01,1.9923e+00,4.7818e+02,4.2301e+04,-2.4127e+03,-1.5911e+01,-1.9766e+02,1.1003e+00
7.3289e+01,1.9107e+03,6.5834e+01,1.8767e+00,4.2258e+02,4.2684e+04,-2.1119e+03,-1.4719e+01,-1.9597e+02,7.0944e-01
7.3289e+01,1.9369e+03,6.2626e+01,1.9216e+00,4.1358e+02,4.3217e+04,-2.0229e+03,-1.5414e+01,-1.9645e+02,6.4117e-01
7.4663e+01,1.9091e+03,6.2275e+01,1.9983e+00,4.2926e+02,4.2808e+04,-2.0121e+03,-1.5521e+01,-1.9900e+02,1.5924e+00
7.3319e+01,1.8982e+03,6.1237e+01,1.8921e+00,4.3991e+02,4.2652e+04,-2.0001e+03,-1.5434e+01,-1.9992e+02,7.5674e-01
7.3855e+01,1.9163e+03,6.1585e+01,1.9771e+00,4.2219e+02,4.3060e+04,-2.0572e+03,-1.5834e+01,-1.9862e+02,1.7226e+00
7.3332e+01,1.9258e+03,6.2367e+01,1.9989e+00,4.1653e+02,4.3027e+04,-2.1070e+03,-1.5765e+01,-1.9687e+02,2.7812e+00
7.3327e+01,1.9275e+03,6.3105e+01,1.9878e+00,4.1316e+02,4.2816e+04,-2.3049e+03,-1.5345e+01,-1.9246e+02,1.7000e+00
7.3291e+01,1.9199e+03,7.8126e+01,1.8595e+00,4.2113e+02,4.2832e+04,-2.1232e+03,-1.4695e+01,-1.9543e+02,7.7866e-01
7.3806e+01,1.8843e+03,6.1095e+01,1.9933e+00,4.5840e+02,4.2346e+04,-2.2672e+03,-1.5469e+01,-1.9871e+02,1.7540e+00
7.3811e+01,1.9343e+03,7.9776e+01,1.8696e+00,4.2252e+02,4.3222e+04,-2.0885e+03,-1.5314e+01,-1.9665e+02,7.2820e-01
7.3866e+01,1.9105e+03,6.6910e+01,1.8397e+00,4.2358e+02,4.2888e+04,-2.0070e+03,-1.4642e+01,-1.9740e+02,9.1733e-01
7.3303e+01,1.8935e+03,6.8592e+01,1.8990e+00,4.4871e+02,4.2448e+04,-2.0690e+03,-1.5289e+01,-1.9780e+02,7.9394e-01
7.3306e+01,1.8972e+03,6.1241e+01,1.9883e+00,4.8198e+02,4.2657e+04,-2.2334e+03,-1.5967e+01,-1.9934e+02,1.4489e+00
7.3893e+01,1.9369e+03,6.2837e+01,1.8676e+00,4.2198e+02,4.3113e+04,-2.0738e+03,-1.4492e+01,-1.9403e+02,7.8985e-01
7.3780e+01,1.9324e+03,6.8101e+01,1.9366e+00,4.1306e+02,4.3261e+04,-2.0039e+03,-1.5735e+01,-1.9832e+02,8.3106e-01
7.3298e+01,1.9349e+03,6.7478e+01,1.9991e+00,4.4322e+02,4.3035e+04,-2.4099e+03,-1.5672e+01,-1.9389e+02,3.9314e-01
7.3291e+01,1.9117e+03,6.8631e+01,1.8688e+00,4.2253e+02,4.2769e+04,-2.0555e+03,-1.4817e+01,-1.9539e+02,2.7821e+00
7.3800e+01,1.9245e+03,6.2386e+01,1.8395e+00,4.2373e+02,4.3009e+04,-2.0071e+03,-1.4669e+01,-1.9700e+02,8.5534e-01
7.3840e+01,1.9088e+03,7.8788e+01,1.9865e+00,4.2732e+02,4.2738e+04,-2.2660e+03,-1.5903e+01,-1.9633e+02,1.6024e+00
7.3304e+01,1.8855e+03,6.8022e+01,1.8516e+00,4.7469e+02,4.2318e+04,-2.1029e+03,-1.5087e+01,-1.9895e+02,1.5395e+00
7.3399e+01,1.9234e+03,6.3497e+01,1.9515e+00,4.1617e+02,4.2864e+04,-2.2486e+03,-1.5046e+01,-1.9394e+02,2.8893e+00
7.3382e+01,1.8861e+03,6.1916e+01,1.8452e+00,4.7750e+02,4.2508e+04,-2.0444e+03,-1.4995e+01,-2.0014e+02,2.2506e+00
7.3320e+01,1.9291e+03,6.2748e+01,1.8565e+00,4.4624e+02,4.2985e+04,-2.1703e+03,-1.4809e+01,-1.9524e+02,1.4907e+00
7.3341e+01,1.9337e+03,7.1856e+01,1.8638e+00,4.3530e+02,4.3297e+04,-2.0525e+03,-1.4970e+01,-1.9686e+02,1.9378e+00
7.3290e+01,1.9278e+03,6.7774e+01,1.9044e+00,4.1973e+02,4.2836e+04,-2.0173e+03,-1.5007e+01,-1.9341e+02,9.1868e-01
7.3843e+01,1.8863e+03,7.8543e+01,1.9523e+00,4.6001e+02,4.2493e+04,-2.1834e+03,-1.5913e+01,-2.0006e+02,1.6064e+00
7.3807e+01,1.9176e+03,7.4466e+01,1.9461e+00,4.1865e+02,4.2996e+04,-2.1070e+03,-1.5781e+01,-1.9683e+02,1.6795e+00
7.3300e+01,1.8897e+03,6.4494e+01,1.9995e+00,4.5019e+02,4.2441e+04,-2.1888e+03,-1.6136e+01,-1.9961e+02,7.3673e-01
7.3764e+01,1.8859e+03,6.0935e+01,1.9214e+00,4.6619e+02,4.2408e+04,-2.1177e+03,-1.5159e+01,-1.9926e+02,2.8146e+00
7.3298e+01,1.9445e+03,6.3782e+01,1.9471e+00,4.4379e+02,4.3139e+04,-2.3983e+03,-1.5110e+01,-1.9235e+02,1.4111e+00
7.3389e+01,1.9518e+03,6.3053e+01,1.9519e+00,3.9429e+02,4.3288e+04,-2.1564e+03,-1.5147e+01,-1.9234e+02,1.9543e+00
7.3282e+01,1.8952e+03,6.1970e+01,1.9999e+00,4.4494e+02,4.2476e+04,-2.2695e+03,-1.5983e+01,-1.9809e+02,9.0058e-01
7.3752e+01,1.8838e+03,7.3941e+01,1.9898e+00,4.8002e+02,4.2290e+04,-2.3791e+03,-1.5875e+01,-1.9770e+02,1.7788e+00
7.3344e+01,1.8909e+03,6.1830e+01,1.9979e+00,4.4374e+02,4.2308e+04,-2.3822e+03,-1.5494e+01,-1.9576e+02,7.7800e-01
7.3883e+01,1.9020e+03,7.9838e+01,1.9433e+00,4.3122e+02,4.2666e+04,-2.2181e+03,-1.5551e+01,-1.9495e+02,1.5023e+00
7.3282e+01,1.9334e+03,7.0066e+01,1.9985e+00,4.0452e+02,4.3178e+04,-2.1739e+03,-1.5948e+01,-1.9451e+02,8.2282e-01
7.3620e+01,1.8888e+03,6.1585e+01,1.9004e+00,4.5548e+02,4.2350e+04,-2.2295e+03,-1.5063e+01,-1.9849e+02,7.1648e-01
7.3308e+01,1.8888e+03,6.5220e+01,1.8932e+00,4.6170e+02,4.2363e+04,-2.2127e+03,-1.5035e+01,-1.9863e+02,6.8720e-01
7.3298e+01,1.9446e+03,6.9557e+01,1.9652e+00,4.0778e+02,4.3267e+04,-2.1368e+03,-1.5728e+01,-1.9472e+02,1.8806e+00
7.3314e+01,1.9130e+03,7.9224e+01,1.8636e+00,4.4364e+02,4.2777e+04,-2.1578e+03,-1.5163e+01,-1.9546e+02,5.2263e-01
7.3291e+01,1.8883e+03,6.3142e+01,1.9933e+00,4.8118e+02,4.2280e+04,-2.2780e+03,-1.5834e+01,-1.9722e+02,1.1898e+00
7.3592e+01,1.9019e+03,6.1664e+01,1.9954e+00,4.4456e+02,4.2501e+04,-2.4432e+03,-1.5440e+01,-1.9510e+02,6.2615e-01
7.3311e+01,1.8850e+03,6.1348e+01,1.8365e+00,4.5625e+02,4.2330e+04,-2.0377e+03,-1.4930e+01,-1.9921e+02,7.6775e-01
7.3291e+01,1.9132e+03,6.8451e+01,1.9954e+00,4.2810e+02,4.2747e+04,-2.0127e+03,-1.5816e+01,-1.9541e+02,1.6058e+00
7.3832e+01,1.9221e+03,6.3291e+01,1.9406e+00,4.4529e+02,4.2707e+04,-2.2396e+03,-1.5109e+01,-1.9317e+02,7.6588e-01
7.3315e+01,1.9082e+03,6.2156e+01,1.8580e+00,4.9441e+02,4.2747e+04,-2.1216e+03,-1.4912e+01,-1.9667e+02,1.7546e+00
7.3307e+01,1.8846e+03,6.8366e+01,1.9217e+00,4.7173e+02,4.2240e+04,-2.2705e+03,-1.5261e+01,-1.9744e+02,8.1623e-01
7.3314e+01,1.9314e+03,7.9248e+01,1.9286e+00,4.1625e+02,4.3223e+04,-2.0517e+03,-1.5933e+01,-1.9770e+02,7.7417e-01
7.3289e+01,1.8898e+03,6.1339e+01,1.9969e+00,4.4998e+02,4.2443e+04,-2.1865e+03,-1.6070e+01,-1.9983e+02,7.3734e-01
7.3796e+01,1.8923e+03,7.1064e+01,1.9381e+00,4.4883e+02,4.2390e+04,-2.2139e+03,-1.5228e+01,-1.9598e+02,8.6565e-01
7.3293e+01,1.9355e+03,6.8190e+01,1.8383e+00,4.2122e+02,4.3119e+04,-2.0382e+03,-1.4837e+01,-1.9524e+02,6.9990e-01
7.3336e+01,1.8902e+03,7.6038e+01,1.9600e+00,4.7494e+02,4.2494e+04,-2.0145e+03,-1.6044e+01,-1.9986e+02,2.8642e+00
7.3351e+01,1.8843e+03,7.9675e+01,1.9150e+00,4.6036e+02,4.2258e+04,-2.2318e+03,-1.5256e+01,-1.9813e+02,1.8423e+00
7.3271e+01,1.9375e+03,7.1617e+01,1.9931e+00,4.4612e+02,4.3123e+04,-2.3920e+03,-1.5828e+01,-1.9421e+02,1.7448e+00
7.3839e+01,1.9000e+03,7.0002e+01,1.9497e+00,4.3899e+02,4.2841e+04,-2.0020e+03,-1.5891e+01,-2.0018e+02,8.7516e-01
7.3799e+01,1.9211e+03,6.3381e+01,1.9939e+00,4.2014e+02,4.2716e+04,-2.3997e+03,-1.5235e+01,-1.9355e+02,1.7084e+00
7.3286e+01,1.8901e+03,7.7964e+01,1.9548e+00,4.7445e+02,4.2318e+04,-2.3978e+03,-1.5623e+01,-1.9606e+02,8.4106e-01
7.3356e+01,1.9413e+03,6.2566e+01,1.9169e+00,4.4436e+02,4.3203e+04,-2.2462e+03,-1.5133e+01,-1.9453e+02,4.7720e-01
7.3774e+01,1.9214e+03,6.1638e+01,1.9668e+00,4.5666e+02,4.2847e+04,-2.3582e+03,-1.5259e+01,-1.9422e+02,1.8246e+00
7.3950e+01,1.9357e+03,6.0697e+01,1.9958e+00,4.1056e+02,4.3371e+04,-2.0069e+03,-1.5940e+01,-1.9814e+02,9.0240e-01
7.3305e+01,1.9310e+03,6.7906e+01,1.8347e+00,4.2297e+02,4.3145e+04,-2.0211e+03,-1.4540e+01,-1.9687e+02,7.3716e-01
7.3623e+01,1.8882e+03,6.6645e+01,1.8299e+00,4.4769e+02,4.2449e+04,-2.0639e+03,-1.4809e+01,-1.9883e+02,7.6943e-01
7.3330e+01,1.8951e+03,7.8728e+01,1.9226e+00,4.4812e+02,4.2334e+04,-2.2464e+03,-1.5455e+01,-1.9592e+02,6.8893e-01
7.3281e+01,1.9210e+03,7.9884e+01,1.9617e+00,4.4361e+02,4.2947e+04,-2.2052e+03,-1.5796e+01,-1.9480e+02,6.4768e-01
7.3271e+01,1.8856e+03,7.7357e+01,1.9897e+00,4.5062e+02,4.2147e+04,-2.4978e+03,-1.5506e+01,-1.9569e+02,8.2553e-01
7.3312e+01,1.9132e+03,6.7007e+01,1.8558e+00,4.7417e+02,4.2765e+04,-2.1442e+03,-1.5005e+01,-1.9700e+02,7.0824e-01
7.3856e+01,1.9028e+03,6.7549e+01,1.9155e+00,4.5025e+02,4.2688e+04,-2.1433e+03,-1.5371e+01,-1.9890e+02,8.4843e-01
7.3850e+01,1.9045e+03,6.7233e+01,1.9989e+00,4.4585e+02,4.2517e+04,-2.2942e+03,-1.5647e+01,-1.9598e+02,9.6271e-01
7.3336e+01,1.8860e+03,6.6849e+01,1.9640e+00,4.7186e+02,4.2399e+04,-2.1263e+03,-1.5927e+01,-1.9974e+02,8.5580e-01
7.3309e+01,1.9289e+03,6.3073e+01,1.8581e+00,4.1989e+02,4.2945e+04,-2.1371e+03,-1.4652e+01,-1.9447e+02,1.4482e+00
7.3821e+01,1.9078e+03,6.7746e+01,1.8795e+00,4.2781e+02,4.2753e+04,-2.0009e+03,-1.4553e+01,-1.9767e+02,9.5478e-01
7.3289e+01,1.9138e+03,7.9230e+01,1.9475e+00,4.4083e+02,4.2670e+04,-2.4090e+03,-1.5569e+01,-1.9486e+02,5.5207e-01
7.3771e+01,1.9120e+03,7.9840e+01,1.8633e+00,4.2288e+02,4.2832e+04,-2.1055e+03,-1.5116e+01,-1.9573e+02,7.7732e-01
7.3349e+01,1.8839e+03,6.2190e+01,1.9230e+00,4.5517e+02,4.2278e+04,-2.0264e+03,-1.5085e+01,-1.9561e+02,1.7219e+00
7.3308e+01,1.8890e+03,7.7917e+01,1.9963e+00,4.4978e+02,4.2410e+04,-2.2261e+03,-1.5504e+01,-1.9915e+02,8.0634e-01
7.3867e+01,1.9126e+03,6.8950e+01,1.9831e+00,4.4761e+02,4.2854e+04,-2.3426e+03,-1.5270e+01,-1.9668e+02,2.0852e+00
7.3284e+01,1.9216e+03,7.9724e+01,1.9630e+00,4.4321e+02,4.2828e+04,-2.3974e+03,-1.5726e+01,-1.9394e+02,1.5621e+00
7.3295e+01,1.8943e+03,6.1773e+01,1.9986e+00,4.4466e+02,4.2528e+04,-2.2465e+03,-1.5884e+01,-1.9902e+02,6.6504e-01
7.3339e+01,1.9219e+03,7.9103e+01,1.9961e+00,4.1631e+02,4.2938e+04,-2.2976e+03,-1.6068e+01,-1.9523e+02,7.0209e-01
7.3285e+01,1.9562e+03,7.3025e+01,1.9764e+00,4.4866e+02,4.3543e+04,-2.1705e+03,-1.5802e+01,-1.9429e+02,5.6866e-01
7.3322e+01,1.8882e+03,6.0869e+01,1.9915e+00,4.7518e+02,4.2434e+04,-2.2418e+03,-1.5950e+01,-1.9976e+02,2.3814e+00
7.3305e+01,1.8894e+03,6.1451e+01,1.9871e+00,4.4932e+02,4.2499e+04,-2.0950e+03,-1.5755e+01,-1.9966e+02,2.7172e+00
7.3314e+01,1.8936e+03,6.4051e+01,1.9978e+00,4.4354e+02,4.2511e+04,-2.2579e+03,-1.6033e+01,-1.9889e+02,7.4452e-01
7.3283e+01,1.8841e+03,6.8061e+01,1.9997e+00,4.5760e+02,4.2103e+04,-2.5489e+03,-1.5523e+01,-1.9582e+02,1.4590e+00
7.3283e+01,1.8940e+03,6.2763e+01,1.9991e+00,4.4412e+02,4.2717e+04,-2.1991e+03,-1.5969e+01,-1.9853e+02,2.3263e+00
7.3591e+01,1.8919e+03,6.1828e+01,1.9968e+00,4.4283e+02,4.2319e+04,-2.4712e+03,-1.5458e+01,-1.9567e+02,7.4012e-01
7.3300e+01,1.9137e+03,6.3600e+01,1.9905e+00,4.2012e+02,4.2631e+04,-2.0358e+03,-1.4403e+01,-1.9370e+02,8.3436e-01
7.3321e+01,1.9492e+03,7.9680e+01,1.9549e+00,4.0827e+02,4.3207e+04,-2.4209e+03,-1.5414e+01,-1.9151e+02,6.0848e-01
7.3846e+01,1.9426e+03,6.2501e+01,1.9638e+00,4.4333e+02,4.3390e+04,-2.1090e+03,-1.5768e+01,-1.9596e+02,7.1080e-01
7.3309e+01,1.9310e+03,6.9690e+01,1.8389e+00,4.1995e+02,4.3138e+04,-2.0137e+03,-1.4919e+01,-1.9698e+02,1.5402e+00
7.3793e+01,1.8894e+03,6.6119e+01,1.8434e+00,4.6984e+02,4.2512e+04,-2.0220e+03,-1.5016e+01,-2.0030e+02,8.2867e-01
7.3283e+01,1.8860e+03,7.9252e+01,1.9924e+00,4.4664e+02,4.2200e+04,-2.4991e+03,-1.5829e+01,-1.9597e+02,1.3976e+00
7.3344e+01,1.8921e+03,6.0405e+01,1.9975e+00,4.4883e+02,4.2692e+04,-2.0639e+03,-1.6054e+01,-2.0088e+02,1.5819e+00
7.3339e+01,1.8929e+03,6.1779e+01,1.8184e+00,4.4725e+02,4.2485e+04,-2.0086e+03,-1.4798e+01,-1.9899e+02,6.8462e-01
7.3331e+01,1.9013e+03,6.6917e+01,1.8213e+00,4.4287e+02,4.2642e+04,-2.0255e+03,-1.4665e+01,-1.9873e+02,6.4478e-01
7.3303e+01,1.8873e+03,7.8991e+01,1.8267e+00,4.4935e+02,4.2385e+04,-2.0588e+03,-1.5122e+01,-1.9827e+02,7.8624e-01
7.3316e+01,1.9016e+03,6.1246e+01,1.8905e+00,4.4213e+02,4.2858e+04,-2.0115e+03,-1.5393e+01,-1.9993e+02,1.5973e+00
7.3810e+01,1.9406e+03,6.8636e+01,1.9793e+00,4.0736e+02,4.3049e+04,-2.3829e+03,-1.5193e+01,-1.9189e+02,9.4054e-01
7.3350e+01,1.9007e+03,6.1968e+01,1.9962e+00,4.4025e+02,4.2484e+04,-2.4526e+03,-1.5552e+01,-1.9583e+02,7.0479e-01
7.3853e+01,1.9027e+03,7.9688e+01,1.9610e+00,4.3715e+02,4.2544e+04,-2.2978e+03,-1.5791e+01,-1.9614e+02,8.6788e-01
7.3297e+01,1.9142e+03,6.9743e+01,1.9378e+00,4.2853e+02,4.2902e+04,-2.0363e+03,-1.5800e+01,-1.9721e+02,8.2189e-01
7.3301e+01,1.9073e+03,7.8079e+01,1.9772e+00,4.2889e+02,4.2727e+04,-2.0320e+03,-1.5268e+01,-1.9752e+02,9.0757e-01
7.3831e+01,1.8864e+03,6.1520e+01,1.9108e+00,4.5979e+02,4.2475e+04,-2.0076e+03,-1.5430e+01,-2.0027e+02,1.6181e+00
7.3316e+01,1.8867e+03,6.0890e+01,1.9939e+00,4.7632e+02,4.2417e+04,-2.0564e+03,-1.6025e+01,-2.0002e+02,1.5622e+00
7.3306e+01,1.8864e+03,6.8563e+01,1.9200e+00,4.5013e+02,4.2206e+04,-2.2381e+03,-1.5112e+01,-1.9626e+02,1.7173e+00
7.3875e+01,1.9666e+03,7.4437e+01,1.9737e+00,4.0714e+02,4.3649e+04,-2.0986e+03,-1.5883e+01,-1.9331e+02,7.8868e-01
7.3286e+01,1.9299e+03,6.8898e+01,1.9903e+00,4.0824e+02,4.3180e+04,-2.0304e+03,-1.5985e+01,-1.9757e+02,7.6542e-01
7.3324e+01,1.9282e+03,7.9818e+01,1.8509e+00,4.2026e+02,4.3075e+04,-2.0918e+03,-1.5195e+01,-1.9628e+02,1.5961e+00
7.3284e+01,1.8896e+03,6.2202e+01,1.9352e+00,4.5926e+02,4.2282e+04,-2.2357e+03,-1.5114e+01,-1.9694e+02,2.8043e+00
7.3317e+01,1.9166e+03,6.2812e+01,1.8561e+00,4.2794e+02,4.2727e+04,-2.1691e+03,-1.4749e+01,-1.9536e+02,1.6074e+00
7.3869e+01,1.9131e+03,7.1913e+01,1.9911e+00,4.2119e+02,4.2761e+04,-2.3197e+03,-1.5657e+01,-1.9493e+02,1.6606e+00
7.3322e+01,1.8891e+03,6.1340e+01,1.8583e+00,4.4891e+02,4.2429e+04,-2.0060e+03,-1.4859e+01,-1.9939e+02,6.9673e-01
7.3776e+01,1.8863e+03,7.8200e+01,1.8572e+00,4.4995e+02,4.2460e+04,-2.0949e+03,-1.5143e+01,-1.9944e+02,1.5850e+00
7.3744e+01,1.9171e+03,6.7466e+01,1.9905e+00,4.1703e+02,4.2753e+04,-2.4344e+03,-1.5370e+01,-1.9341e+02,8.5233e-01
7.3866e+01,1.9157e+03,6.7802e+01,1.9133e+00,4.2279e+02,4.3024e+04,-2.0207e+03,-1.5395e+01,-1.9848e+02,9.5249e-01
7.3769e+01,1.9215e+03,7.9278e+01,1.9655e+00,4.1350e+02,4.2859e+04,-2.3602e+03,-1.5364e+01,-1.9428e+02,9.3364e-01
7.3301e+01,1.9061e+03,7.0121e+01,1.9238e+00,4.4997e+02,4.2650e+04,-2.2380e+03,-1.5229e+01,-1.9530e+02,5.4308e-01
7.3320e+01,1.9013e+03,6.1621e+01,1.9581e+00,4.5494e+02,4.2652e+04,-2.2032e+03,-1.5035e+01,-1.9880e+02,7.0764e-01
7.3944e+01,1.9103e+03,6.2020e+01,1.9856e+00,4.2974e+02,4.2817e+04,-2.0209e+03,-1.5445e+01,-1.9846e+02,1.6123e+00
7.3294e+01,1.9233e+03,6.3244e+01,1.8566e+00,4.2778e+02,4.2890e+04,-2.1709e+03,-1.4774e+01,-1.9565e+02,5.6268e-01
7.3321e+01,1.9202e+03,6.4040e+01,1.9939e+00,4.1567e+02,4.2689e+04,-2.1502e+03,-1.4570e+01,-1.9337e+02,7.6499e-01
7.3345e+01,1.9151e+03,7.8635e+01,1.8469e+00,4.2055e+02,4.2975e+04,-2.0248e+03,-1.5134e+01,-1.9737e+02,1.5632e+00
7.3295e+01,1.9163e+03,7.8508e+01,1.9141e+00,4.2052e+02,4.2962e+04,-2.0729e+03,-1.5787e+01,-1.9654e+02,7.8766e-01
7.3307e+01,1.9078e+03,6.9073e+01,1.8340e+00,4.2603e+02,4.2722e+04,-2.0377e+03,-1.4483e+01,-1.9478e+02,1.5745e+00
7.3312e+01,1.9313e+03,6.9348e+01,1.9334e+00,4.4875e+02,4.3200e+04,-2.0053e+03,-1.5818e+01,-1.9801e+02,5.1649e-01
7.3298e+01,1.8886e+03,7.9025e+01,1.9308e+00,4.9395e+02,4.2451e+04,-2.1601e+03,-1.5859e+01,-1.9996e+02,1.6181e+00
7.3333e+01,1.8864e+03,6.6513e+01,1.9994e+00,4.4699e+02,4.2208e+04,-2.5020e+03,-1.5606e+01,-1.9593e+02,6.9828e-01
7.3339e+01,1.9136e+03,6.7506e+01,1.9212e+00,4.2396e+02,4.2968e+04,-2.0229e+03,-1.5567e+01,-1.9868e+02,1.6596e+00
7.3282e+01,1.9418e+03,7.1755e+01,1.9541e+00,4.4567e+02,4.3091e+04,-2.4071e+03,-1.5274e+01,-1.9254e+02,2.8037e-01
7.3287e+01,1.8872e+03,7.9910e+01,1.9444e+00,4.7357e+02,4.2239e+04,-2.2741e+03,-1.5781e+01,-1.9658e+02,1.7614e+00
7.3306e+01,1.9146e+03,6.7862e+01,1.8949e+00,4.2406e+02,4.2791e+04,-2.0349e+03,-1.5033e+01,-1.9674e+02,2.8415e+00
7.3294e+01,1.8964e+03,7.9389e+01,1.8557e+00,4.4431e+02,4.2436e+04,-2.1532e+03,-1.5190e+01,-1.9712e+02,1.5619e+00
7.3766e+01,1.9150e+03,7.9584e+01,1.9976e+00,4.2286e+02,4.2663e+04,-2.4425e+03,-1.5465e+01,-1.9423e+02,9.5448e-01
7.3302e+01,1.9234e+03,6.2072e+01,1.9463e+00,4.3940e+02,4.3114e+04,-2.0029e+03,-1.5832e+01,-1.9901e+02,1.6408e+00
7.3297e+01,1.8890e+03,6.1631e+01,1.9481e+00,4.4669e+02,4.2399e+04,-2.1290e+03,-1.4915e+01,-1.9917e+02,6.9026e-01
7.3846e+01,1.9057e+03,7.8003e+01,1.9777e+00,4.2997e+02,4.2600e+04,-2.3174e+03,-1.5516e+01,-1.9626e+02,1.0087e+00
7.3875e+01,1.9165e+03,6.9653e+01,1.9394e+00,4.2202e+02,4.3083e+04,-2.0212e+03,-1.5799e+01,-1.9875e+02,1.5786e+00
7.3337e+01,1.8880e+03,6.6682e+01,1.9996e+00,4.6867e+02,4.2420e+04,-2.2741e+03,-1.6004e+01,-1.9971e+02,7.6391e-01
7.3751e+01,1.8841e+03,6.1455e+01,1.9830e+00,4.8075e+02,4.2278e+04,-2.3984e+03,-1.5516e+01,-1.9759e+02,1.2213e+00
7.3812e+01,1.9170e+03,6.1646e+01,1.9732e+00,4.1657e+02,4.2866e+04,-2.2918e+03,-1.5299e+01,-1.9410e+02,8.6104e-01
7.3826e+01,1.9146e+03,6.2302e+01,1.9646e+00,4.3186e+02,4.2862e+04,-2.1171e+03,-1.5766e+01,-1.9673e+02,1.6977e+00
7.3817e+01,1.8852e+03,7.0793e+01,1.8736e+00,4.9777e+02,4.2436e+04,-2.1159e+03,-1.5204e+01,-1.9976e+02,1.7373e+00
7.3873e+01,1.9361e+03,6.9214e+01,1.9836e+00,4.4419e+02,4.3141e+04,-2.3419e+03,-1.5617e+01,-1.9499e+02,6.6262e-01
7.3305e+01,1.9185e+03,6.2729e+01,1.9576e+00,4.1708e+02,4.2904e+04,-2.1193e+03,-1.5441e+01,-1.9646e+02,7.4613e-01
7.3760e+01,1.9167e+03,6.9114e+01,1.8527e+00,4.1997e+02,4.3062e+04,-2.0036e+03,-1.4894e+01,-1.9742e+02,1.5477e+00
7.3781e+01,1.9182e+03,7.0320e+01,1.9251e+00,4.1524e+02,4.2859e+04,-2.2335e+03,-1.5091e+01,-1.9414e+02,8.4766e-01
7.3766e+01,1.8884e+03,6.9940e+01,1.9419e+00,4.7248e+02,4.2590e+04,-2.0336e+03,-1.5924e+01,-2.0137e+02,9.5472e-01
7.3850e+01,1.9176e+03,6.2573e+01,1.8595e+00,4.1613e+02,4.3063e+04,-2.0024e+03,-1.4824e+01,-1.9587e+02,1.5659e+00
7.3328e+01,1.8881e+03,6.8688e+01,1.9958e+00,4.5182e+02,4.2423e+04,-2.0250e+03,-1.6045e+01,-1.9976e+02,1.6990e+00
7.3293e+01,1.9280e+03,7.9381e+01,1.8567e+00,4.2101e+02,4.2784e+04,-2.1247e+03,-1.4787e+01,-1.9224e+02,1.6029e+00
7.3303e+01,1.8874e+03,7.9075e+01,1.9961e+00,4.7957e+02,4.2286e+04,-2.4276e+03,-1.5968e+01,-1.9767e+02,1.5029e+00
7.3343e+01,1.9321e+03,6.2344e+01,1.9997e+00,4.1123e+02,4.3126e+04,-2.1770e+03,-1.5409e+01,-1.9664e+02,1.5512e+00
7.3304e+01,1.9338e+03,6.2241e+01,1.9929e+00,4.0671e+02,4.3198e+04,-2.1735e+03,-1.5902e+01,-1.9637e+02,1.6812e+00
7.3827e+01,1.9351e+03,7.0874e+01,1.8620e+00,4.4334e+02,4.3218e+04,-2.0380e+03,-1.5031e+01,-1.9693e+02,7.1401e-01
7.3307e+01,1.8851e+03,6.1169e+01,1.9044e+00,4.8968e+02,4.2339e+04,-2.0752e+03,-1.5189e+01,-1.9935e+02,1.5479e+00
7.3288e+01,1.8860e+03,6.2121e+01,1.8934e+00,4.5174e+02,4.2289e+04,-2.2561e+03,-1.5073e+01,-1.9793e+02,6.8422e-01
7.3805e+01,1.8835e+03,7.2243e+01,1.9150e+00,4.5819e+02,4.2396e+04,-2.1666e+03,-1.5320e+01,-1.9909e+02,1.8708e+00
7.3311e+01,1.9143e+03,6.7905e+01,1.9213e+00,4.2233e+02,4.2796e+04,-2.0047e+03,-1.4847e+01,-1.9389e+02,1.6815e+00
7.3306e+01,1.9058e+03,6.3202e+01,1.9866e+00,4.2970e+02,4.2592e+04,-2.0057e+03,-1.5457e+01,-1.9484e+02,1.5231e+00
7.3303e+01,1.9156e+03,7.7675e+01,1.9849e+00,4.2391e+02,4.2877e+04,-2.1625e+03,-1.5463e+01,-1.9750e+02,8.1709e-01
7.3323e+01,1.9346e+03,6.3211e+01,1.9962e+00,4.0878e+02,4.2952e+04,-2.4701e+03,-1.5285e+01,-1.9227e+02,1.6104e+00
7.3278e+01,1.9099e+03,7.9528e+01,1.9976e+00,4.2784e+02,4.2735e+04,-2.0317e+03,-1.6006e+01,-1.9547e+02,1.0619e+00
7.3763e+01,1.8919e+03,5.9995e+01,1.9960e+00,4.5068e+02,4.2703e+04,-2.0713e+03,-1.6126e+01,-2.0088e+02,1.6234e+00
7.3338e+01,1.8845e+03,6.1202e+01,1.8416e+00,4.7465e+02,4.2335e+04,-2.0989e+03,-1.4896e+01,-1.9916e+02,1.0496e+00
7.3810e+01,1.9172e+03,7.4205e+01,1.9653e+00,4.5799e+02,4.2863e+04,-2.1412e+03,-1.5831e+01,-1.9700e+02,1.0177e+00
7.3645e+01,1.8963e+03,6.0137e+01,1.9888e+00,4.7050e+02,4.2636e+04,-2.2059e+03,-1.5918e+01,-2.0016e+02,7.7837e-01
7.3304e+01,1.9196e+03,7.2221e+01,1.9322e+00,4.4765e+02,4.2611e+04,-2.2132e+03,-1.4970e+01,-1.9231e+02,5.7022e-01
7.3332e+01,1.9072e+03,6.6775e+01,1.8850e+00,4.2806e+02,4.2658e+04,-2.0088e+03,-1.4564e+01,-1.9719e+02,1.4639e+00
7.3304e+01,1.9135e+03,7.9581e+01,1.8460e+00,4.2184e+02,4.2803e+04,-2.0514e+03,-1.5067e+01,-1.9583e+02,8.2914e-01
7.3833e+01,1.8943e+03,6.0082e+01,1.9032e+00,4.4299e+02,4.2696e+04,-2.0179e+03,-1.5393e+01,-2.0037e+02,8.3204e-01
7.3763e+01,1.8927e+03,5.9898e+01,1.9941e+00,4.5036e+02,4.2721e+04,-2.0753e+03,-1.6127e+01,-2.0091e+02,9.1922e-01
7.3338e+01,1.8973e+03,6.1102e+01,1.8991e+00,4.6696e+02,4.2618e+04,-2.1064e+03,-1.5335e+01,-1.9996e+02,7.3837e-01
7.3300e+01,1.9229e+03,6.2926e+01,1.9978e+00,4.1327e+02,4.3006e+04,-2.2408e+03,-1.5268e+01,-1.9460e+02,1.6244e+00
7.3385e+01,1.9351e+03,6.2257e+01,1.9542e+00,4.1231e+02,4.3266e+04,-2.0186e+03,-1.5777e+01,-1.9665e+02,1.6484e+00
7.3313e+01,1.9065e+03,7.9198e+01,1.8352e+00,4.2876e+02,4.2619e+04,-2.0304e+03,-1.4799e+01,-1.9501e+02,1.7105e+00
7.3878e+01,1.9051e+03,7.9758e+01,1.9362e+00,4.3107e+02,4.2720e+04,-2.2150e+03,-1.5527e+01,-1.9512e+02,9.5226e-01
7.3309e+01,1.9401e+03,7.9634e+01,1.9597e+00,4.1392e+02,4.3318e+04,-2.1899e+03,-1.6012e+01,-1.9649e+02,6.0033e-01
7.3291e+01,1.9015e+03,7.8017e+01,1.8537e+00,4.4699e+02,4.2499e+04,-2.1385e+03,-1.4805e+01,-1.9667e+02,8.6604e-01
7.3310e+01,1.9000e+03,7.9867e+01,1.9195e+00,4.3352e+02,4.2558e+04,-2.0139e+03,-1.5261e+01,-1.9671e+02,1.6656e+00
7.3744e+01,1.8834e+03,7.2542e+01,1.9978e+00,4.7989e+02,4.2295e+04,-2.4021e+03,-1.5753e+01,-1.9640e+02,1.1059e+00
7.3340e+01,1.9374e+03,7.9320e+01,1.8586e+00,4.2229e+02,4.3126e+04,-2.1640e+03,-1.5076e+01,-1.9449e+02,5.5673e-01
7.3797e+01,1.9428e+03,7.9484e+01,1.9717e+00,4.1626e+02,4.3202e+04,-2.3469e+03,-1.5678e+01,-1.9387e+02,8.0159e-01
7.3800e+01,1.8898e+03,6.1223e+01,1.8321e+00,4.4868e+02,4.2523e+04,-2.0291e+03,-1.4712e+01,-1.9937e+02,1.5532e+00
7.3409e+01,1.9797e+03,6.4365e+01,1.9814e+00,4.1111e+02,4.3534e+04,-2.4067e+03,-1.4851e+01,-1.8687e+02,1.5874e+00
7.3769e+01,1.9160e+03,7.9071e+01,1.9761e+00,4.2071e+02,4.3010e+04,-2.1159e+03,-1.6040e+01,-1.9848e+02,9.1668e-01
7.3309e+01,1.8846e+03,6.2215e+01,1.9327e+00,4.9072e+02,4.2159e+04,-2.2828e+03,-1.5296e+01,-1.9667e+02,1.6257e+00
7.3283e+01,1.9315e+03,7.9676e+01,1.9664e+00,4.4629e+02,4.2959e+04,-2.4329e+03,-1.5714e+01,-1.9366e+02,4.3974e-01
7.3283e+01,1.9084e+03,7.9282e+01,1.9576e+00,4.2750e+02,4.2746e+04,-2.0204e+03,-1.5771e+01,-1.9473e+02,1.8015e+00
7.3272e+01,1.9238e+03,6.8885e+01,1.9777e+00,4.1228e+02,4.2935e+04,-2.2566e+03,-1.5526e+01,-1.9450e+02,8.1916e-01
7.3794e+01,1.9099e+03,7.7728e+01,1.9828e+00,4.2561e+02,4.2732e+04,-2.3138e+03,-1.5852e+01,-1.9570e+02,8.5610e-01
7.3323e+01,1.8949e+03,6.1611e+01,1.9980e+00,4.6697e+02,4.2560e+04,-2.2490e+03,-1.5978e+01,-1.9980e+02,7.2078e-01
7.3287e+01,1.9173e+03,6.3135e+01,1.9474e+00,4.8951e+02,4.2636e+04,-2.3970e+03,-1.5181e+01,-1.9329e+02,1.5823e+00
7.3767e+01,1.9323e+03,6.3089e+01,1.9901e+00,4.0759e+02,4.2971e+04,-2.4039e+03,-1.5324e+01,-1.9250e+02,7.5430e-01
7.3290e+01,1.9161e+03,6.8580e+01,1.8628e+00,4.1958e+02,4.2954e+04,-2.1282e+03,-1.4575e+01,-1.9391e+02,1.7699e+00
7.3334e+01,1.9185e+03,6.8631e+01,1.9294e+00,4.1618e+02,4.2979e+04,-2.2145e+03,-1.5143e+01,-1.9395e+02,1.8996e+00
7.3304e+01,1.8859e+03,6.8885e+01,1.9826e+00,4.7442e+02,4.2319e+04,-2.2710e+03,-1.5595e+01,-1.9877e+02,8.3991e-01
7.3293e+01,1.9318e+03,6.3251e+01,1.9157e+00,4.1203e+02,4.2956e+04,-2.1640e+03,-1.4688e+01,-1.9391e+02,7.5298e-01
7.3893e+01,1.9321e+03,7.2925e+01,1.9912e+00,4.5087e+02,4.3092e+04,-2.3236e+03,-1.5727e+01,-1.9588e+02,1.6842e+00
7.3283e+01,1.8969e+03,6.1763e+01,1.9944e+00,4.4455e+02,4.2753e+04,-2.1912e+03,-1.6011e+01,-1.9803e+02,1.6765e+00
7.3784e+01,1.9172e+03,7.9192e+01,1.9309e+00,4.1928e+02,4.3045e+04,-2.0351e+03,-1.5916e+01,-1.9857e+02,8.9802e-01
7.3324e+01,1.9149e+03,7.9803e+01,1.8635e+00,4.2065e+02,4.2928e+04,-2.1147e+03,-1.5193e+01,-1.9594e+02,1.7299e+00
7.3305e+01,1.9233e+03,6.3380e+01,1.8546e+00,4.7419e+02,4.2961e+04,-2.1221e+03,-1.4988e+01,-1.9678e+02,9.1243e-01
7.3334e+01,1.8964e+03,7.0148e+01,1.8607e+00,4.9496e+02,4.2388e+04,-2.1427e+03,-1.5006e+01,-1.9634e+02,1.5312e+00
7.3868e+01,1.9069e+03,7.9843e+01,1.9068e+00,4.2731e+02,4.2743e+04,-2.1552e+03,-1.5218e+01,-1.9699e+02,1.6123e+00
7.3302e+01,1.8926e+03,6.4051e+01,1.9998e+00,4.4494e+02,4.2478e+04,-2.2668e+03,-1.6025e+01,-1.9885e+02,9.3180e-01
7.3298e+01,1.8849e+03,6.6772e+01,1.9774e+00,4.8225e+02,4.2202e+04,-2.4628e+03,-1.5514e+01,-1.9701e+02,1.3136e+00
7.3322e+01,1.9200e+03,6.9857e+01,1.9849e+00,4.1805e+02,4.3018e+04,-2.0353e+03,-1.5915e+01,-1.9813e+02,1.5246e+00
7.3291e+01,1.8869e+03,6.1692e+01,1.9908e+00,4.5795e+02,4.2380e+04,-2.2925e+03,-1.5659e+01,-1.9940e+02,7.6130e-01
7.3715e+01,1.8891e+03,6.0051e+01,1.9839e+00,4.4856e+02,4.2527e+04,-2.0652e+03,-1.5563e+01,-2.0008e+02,7.8043e-01
7.3294e+01,1.9151e+03,7.8464e+01,1.8900e+00,4.2098e+02,4.2886e+04,-2.0439e+03,-1.5351e+01,-1.9751e+02,6.8189e-01
7.3855e+01,1.9374e+03,6.0971e+01,1.9973e+00,4.1084e+02,4.3233e+04,-2.1357e+03,-1.5844e+01,-1.9592e+02,8.4459e-01
7.3287e+01,1.9048e+03,6.9359e+01,1.9883e+00,4.2954e+02,4.2522e+04,-2.3220e+03,-1.5257e+01,-1.9477e+02,1.6614e+00
7.3304e+01,1.8863e+03,7.7858e+01,1.9210e+00,4.6090e+02,4.2423e+04,-2.0714e+03,-1.6038e+01,-2.0033e+02,1.4020e+00
7.3313e+01,1.8993e+03,6.8557e+01,1.8909e+00,4.3924e+02,4.2686e+04,-2.0349e+03,-1.5435e+01,-1.9998e+02,7.2284e-01
7.3853e+01,1.9039e+03,7.7444e+01,1.9820e+00,4.2968e+02,4.2611e+04,-2.3430e+03,-1.5583e+01,-1.9605e+02,1.4816e+00
7.3368e+01,1.8919e+03,6.0237e+01,1.9636e+00,4.7298e+02,4.2643e+04,-2.0412e+03,-1.5982e+01,-2.0057e+02,8.1966e-01
7.3343e+01,1.9339e+03,6.2973e+01,1.8483e+00,4.1739e+02,4.3187e+04,-2.0180e+03,-1.4836e+01,-1.9634e+02,1.5182e+00
7.4547e+01,1.8912e+03,5.9935e+01,1.9987e+00,4.5291e+02,4.2572e+04,-2.0754e+03,-1.5107e+01,-1.9882e+02,1.0093e+00
7.3299e+01,1.9271e+03,7.8882e+01,1.8584e+00,4.4754e+02,4.3043e+04,-2.1109e+03,-1.5211e+01,-1.9672e+02,4.4838e-01
7.3344e+01,1.8867e+03,6.1195e+01,1.9445e+00,4.6965e+02,4.2430e+04,-2.1795e+03,-1.5571e+01,-1.9998e+02,7.3371e-01
7.3295e+01,1.9129e+03,6.8941e+01,1.8545e+00,4.3652e+02,4.2760e+04,-2.1639e+03,-1.4779e+01,-1.9581e+02,6.4091e-01
7.3917e+01,1.9302e+03,6.1783e+01,1.9503e+00,4.1387e+02,4.3219e+04,-2.0114e+03,-1.5760e+01,-1.9812e+02,1.6816e+00
7.3303e+01,1.8920e+03,6.1178e+01,1.9953e+00,4.4817e+02,4.2500e+04,-2.1980e+03,-1.5661e+01,-1.9972e+02,7.1539e-01
7.3892e+01,1.9363e+03,6.2210e+01,1.8520e+00,4.2241e+02,4.3206e+04,-2.0226e+03,-1.4822e+01,-1.9599e+02,7.4922e-01
7.3301e+01,1.8903e+03,6.7712e+01,1.8899e+00,4.4574e+02,4.2318e+04,-2.2402e+03,-1.5014e+01,-1.9734e+02,7.6121e-01
7.3311e+01,1.9536e+03,6.2730e+01,1.9466e+00,4.4382e+02,4.3542e+04,-2.0029e+03,-1.5675e+01,-1.9580e+02,4.1633e-01
7.3803e+01,1.9190e+03,7.9317e+01,1.8546e+00,4.2433e+02,4.3079e+04,-2.0675e+03,-1.5091e+01,-1.9762e+02,1.7277e+00
7.3286e+01,1.9066e+03,7.9558e+01,1.9037e+00,4.2679e+02,4.2596e+04,-2.2602e+03,-1.5355e+01,-1.9549e+02,1.4659e+00
7.3321e+01,1.9221e+03,6.4067e+01,1.9059e+00,4.2028e+02,4.2662e+04,-2.2010e+03,-1.4630e+01,-1.9226e+02,1.5072e+00
7.3311e+01,1.9356e+03,6.8668e+01,1.9839e+00,4.1332e+02,4.2991e+04,-2.4777e+03,-1.5386e+01,-1.9292e+02,6.3836e-01
7.3309e+01,1.8851e+03,6.1748e+01,1.8396e+00,4.5398e+02,4.2332e+04,-2.0018e+03,-1.4700e+01,-1.9912e+02,2.7692e+00
7.3306e+01,1.9377e+03,6.7928e+01,1.9963e+00,4.0861e+02,4.3253e+04,-2.1750e+03,-1.5967e+01,-1.9659e+02,1.6886e+00
7.3306e+01,1.8883e+03,6.7547e+01,1.8709e+00,4.4812e+02,4.2401e+04,-2.0443e+03,-1.4734e+01,-1.9936e+02,6.9034e-01
7.3862e+01,1.8886e+03,5.9793e+01,1.9374e+00,4.9077e+02,4.2631e+04,-2.0235e+03,-1.5784e+01,-2.0182e+02,1.2774e+00
7.3347e+01,1.9013e+03,7.2598e+01,1.8374e+00,4.4754e+02,4.2830e+04,-2.0032e+03,-1.5088e+01,-1.9927e+02,1.6690e+00
7.3281e+01,1.8922e+03,7.9895e+01,1.9954e+00,4.5460e+02,4.2358e+04,-2.2723e+03,-1.5961e+01,-1.9595e+02,8.9476e-01
7.3365e+01,1.9121e+03,6.8218e+01,1.9839e+00,4.2310e+02,4.2780e+04,-2.0444e+03,-1.5243e+01,-1.9574e+02,8.5856e-01
7.3293e+01,1.8988e+03,6.2192e+01,1.9007e+00,4.7134e+02,4.2529e+04,-2.2432e+03,-1.5222e+01,-1.9735e+02,7.8581e-01
7.3837e+01,1.8854e+03,5.9762e+01,1.8549e+00,4.8172e+02,4.2478e+04,-2.0227e+03,-1.4981e+01,-2.0022e+02,1.3854e+00
7.3351e+01,1.9398e+03,6.3295e+01,1.9926e+00,4.0495e+02,4.3191e+04,-2.2502e+03,-1.5299e+01,-1.9429e+02,6.9143e-01
7.3318e+01,1.8909e+03,7.8439e+01,1.8627e+00,4.4800e+02,4.2546e+04,-2.1164e+03,-1.5135e+01,-1.9760e+02,2.7488e+00
7.3304e+01,1.9225e+03,7.9628e+01,1.9863e+00,4.1161e+02,4.2732e+04,-2.5142e+03,-1.5669e+01,-1.9251e+02,7.6649e-01
7.3832e+01,1.8904e+03,6.0324e+01,1.9818e+00,4.4514e+02,4.2390e+04,-2.2796e+03,-1.5302e+01,-1.9680e+02,7.2463e-01
7.3817e+01,1.9090e+03,7.9451e+01,1.9887e+00,4.2711e+02,4.2692e+04,-2.3726e+03,-1.5819e+01,-1.9531e+02,1.6722e+00
7.3796e+01,1.9196e+03,6.2523e+01,1.9788e+00,4.1888e+02,4.3115e+04,-2.0723e+03,-1.5925e+01,-1.9668e+02,9.4382e-01
7.3888e+01,1.8832e+03,6.7077e+01,1.9752e+00,4.5153e+02,4.2359e+04,-2.2686e+03,-1.5419e+01,-1.9844e+02,8.6487e-01
7.3307e+01,1.8857e+03,6.1767e+01,1.9792e+00,4.6830e+02,4.2173e+04,-2.3088e+03,-1.5387e+01,-1.9604e+02,8.2678e-01
7.3284e+01,1.9213e+03,7.9745e+01,1.9554e+00,4.4374e+02,4.2676e+04,-2.4405e+03,-1.5486e+01,-1.9277e+02,6.0079e-01
7.3338e+01,1.8850e+03,7.9464e+01,1.9444e+00,4.8322e+02,4.2183e+04,-2.2442e+03,-1.5781e+01,-1.9654e+02,1.1318e+00
7.3745e+01,1.9198e+03,6.8279e+01,1.9974e+00,4.1584e+02,4.2969e+04,-2.2442e+03,-1.5856e+01,-1.9567e+02,8.7031e-01
7.3356e+01,1.9293e+03,7.8569e+01,1.8517e+00,4.2690e+02,4.3160e+04,-2.0068e+03,-1.5277e+01,-1.9776e+02,6.1672e-01
7.3285e+01,1.8897e+03,6.2706e+01,1.9840e+00,4.4346e+02,4.2194e+04,-2.4478e+03,-1.5267e+01,-1.9466e+02,2.3349e+00
7.3809e+01,1.8892e+03,7.9336e+01,1.8330e+00,4.4883e+02,4.2495e+04,-2.0154e+03,-1.5208e+01,-1.9924e+02,8.6473e-01
7.3305e+01,1.9350e+03,6.9517e+01,1.9402e+00,4.1475e+02,4.3249e+04,-2.0051e+03,-1.5839e+01,-1.9685e+02,7.6277e-01
7.3300e+01,1.9129e+03,6.8257e+01,1.9865e+00,4.3718e+02,4.2576e+04,-2.5270e+03,-1.5340e+01,-1.9396e+02,5.6788e-01
7.3288e+01,1.8868e+03,6.1668e+01,1.9851e+00,4.5203e+02,4.2359e+04,-2.0885e+03,-1.5461e+01,-1.9912e+02,1.3826e+00
7.3284e+01,1.9118e+03,6.3167e+01,1.9839e+00,4.2193e+02,4.2634e+04,-2.2948e+03,-1.5021e+01,-1.9440e+02,2.7168e+00
7.3294e+01,1.8982e+03,6.2409e+01,1.9037e+00,4.4146e+02,4.2649e+04,-2.2259e+03,-1.5123e+01,-1.9610e+02,1.6108e+00
7.3324e+01,1.8865e+03,7.8212e+01,1.9957e+00,4.8028e+02,4.2413e+04,-2.2842e+03,-1.6269e+01,-1.9968e+02,1.0245e+00
7.3332e+01,1.9259e+03,6.9832e+01,1.9255e+00,4.4639e+02,4.3084e+04,-2.1400e+03,-1.5251e+01,-1.9764e+02,5.2791e-01
7.3333e+01,1.8850e+03,7.9334e+01,1.9035e+00,4.5258e+02,4.2324e+04,-2.0645e+03,-1.5211e+01,-1.9872e+02,7.7700e-01
7.3868e+01,1.9318e+03,6.2505e+01,1.9985e+00,4.3799e+02,4.3080e+04,-2.3403e+03,-1.5455e+01,-1.9592e+02,8.1903e-01
7.3357e+01,1.9343e+03,6.3206e+01,1.9907e+00,4.4045e+02,4.2943e+04,-2.4885e+03,-1.5263e+01,-1.9250e+02,3.7553e-01
7.3349e+01,1.9036e+03,7.1203e+01,1.8500e+00,4.4713e+02,4.2772e+04,-2.1095e+03,-1.4941e+01,-1.9652e+02,1.7321e+00
7.3746e+01,1.9123e+03,6.7668e+01,1.9863e+00,4.2065e+02,4.2692e+04,-2.4144e+03,-1.5288e+01,-1.9427e+02,1.5082e+00
7.3900e+01,1.9189e+03,6.3317e+01,1.9223e+00,4.1363e+02,4.2939e+04,-2.1798e+03,-1.5064e+01,-1.9431e+02,1.6770e+00
7.3289e+01,1.8892e+03,6.1581e+01,1.9923e+00,4.4769e+02,4.2440e+04,-2.1881e+03,-1.6018e+01,-1.9981e+02,1.0125e+00
7.3862e+01,1.9285e+03,6.2493e+01,1.8633e+00,4.4462e+02,4.3196e+04,-2.0741e+03,-1.4916e+01,-1.9694e+02,1.8766e+00
7.3786e+01,1.9065e+03,7.9164e+01,1.8607e+00,4.4153e+02,4.2614e+04,-2.0999e+03,-1.5200e+01,-1.9646e+02,7.8217e-01
7.3353e+01,1.9193e+03,6.2681e+01,1.9956e+00,4.3796e+02,4.2676e+04,-2.4957e+03,-1.5331e+01,-1.9281e+02,1.5498e+00
7.3771e+01,1.9355e+03,6.1592e+01,1.8634e+00,4.4483e+02,4.3216e+04,-2.1036e+03,-1.4796e+01,-1.9589e+02,5.3209e-01
7.3288e+01,1.8948e+03,6.7550e+01,1.9929e+00,4.4624e+02,4.2504e+04,-2.2101e+03,-1.6051e+01,-1.9777e+02,1.2544e+00
7.3278e+01,1.9262e+03,7.1150e+01,1.9424e+00,4.1357e+02,4.2729e+04,-2.2547e+03,-1.5026e+01,-1.9173e+02,1.9158e+00
7.3823e+01,1.9278e+03,6.1339e+01,1.9509e+00,4.4161e+02,4.3206e+04,-2.0008e+03,-1.5904e+01,-1.9904e+02,7.7795e-01
7.3868e+01,1.9100e+03,6.7655e+01,1.8542e+00,4.2436e+02,4.2862e+04,-2.0214e+03,-1.4885e+01,-1.9616e+02,8.5892e-01
7.3841e+01,1.9349e+03,6.2298e+01,1.8641e+00,4.1689e+02,4.3242e+04,-2.0659e+03,-1.4754e+01,-1.9583e+02,1.9425e+00
7.3308e+01,1.8850e+03,6.1762e+01,1.8681e+00,4.5976e+02,4.2324e+04,-2.1152e+03,-1.4893e+01,-1.9915e+02,7.2555e-01
7.3299e+01,1.8869e+03,7.8166e+01,1.9164e+00,4.7291e+02,4.2311e+04,-2.2437e+03,-1.5478e+01,-1.9811e+02,7.8142e-01
7.3305e+01,1.9177e+03,6.7004e+01,1.9015e+00,4.2052e+02,4.2815e+04,-2.1498e+03,-1.4722e+01,-1.9562e+02,6.2284e-01
7.3289e+01,1.9161e+03,6.9151e+01,1.9971e+00,4.2174e+02,4.2902e+04,-2.1332e+03,-1.5875e+01,-1.9664e+02,2.8345e+00
7.3300e+01,1.8956e+03,6.9630e+01,1.9985e+00,4.4212e+02,4.2541e+04,-2.2388e+03,-1.5593e+01,-1.9892e+02,7.0438e-01
7.3367e+01,1.8882e+03,6.6190e+01,1.8356e+00,4.4856e+02,4.2394e+04,-2.0012e+03,-1.4809e+01,-1.9927e+02,7.3773e-01
7.3283e+01,1.9288e+03,6.5070e+01,1.9702e+00,4.2006e+02,4.3092e+04,-2.1160e+03,-1.5485e+01,-1.9675e+02,2.8653e+00
7.3323e+01,1.8887e+03,7.0609e+01,1.9049e+00,4.5310e+02,4.2405e+04,-2.0202e+03,-1.5272e+01,-1.9952e+02,1.6572e+00
7.3314e+01,1.8843e+03,7.7122e+01,1.8463e+00,4.7254e+02,4.2322e+04,-2.1061e+03,-1.5224e+01,-1.9890e+02,8.4528e-01
7.3330e+01,1.9269e+03,6.9941e+01,1.9388e+00,4.1589e+02,4.3164e+04,-2.0265e+03,-1.5882e+01,-1.9803e+02,1.6651e+00
7.3852e+01,1.9049e+03,6.0956e+01,1.8490e+00,4.7122e+02,4.2757e+04,-2.0268e+03,-1.4941e+01,-1.9956e+02,8.9314e-01
7.3354e+01,1.8885e+03,6.1819e+01,1.9929e+00,4.5942e+02,4.2309e+04,-2.0331e+03,-1.5882e+01,-1.9770e+02,1.5040e+00
7.3316e+01,1.8850e+03,6.1524e+01,1.8328e+00,4.5086e+02,4.2312e+04,-2.0517e+03,-1.4638e+01,-1.9788e+02,1.6711e+00
7.3829e+01,1.9589e+03,7.3073e+01,1.8567e+00,4.2508e+02,4.3523e+04,-2.0804e+03,-1.4792e+01,-1.9351e+02,6.7412e-01
7.3290e+01,1.9556e+03,6.2977e+01,1.9647e+00,4.6598e+02,4.3581e+04,-2.1022e+03,-1.5913e+01,-1.9604e+02,1.8406e+00
7.3875e+01,1.9122e+03,7.1409e+01,1.8714e+00,4.2143e+02,4.2875e+04,-2.0782e+03,-1.4957e+01,-1.9570e+02,1.7110e+00
7.3309e+01,1.8850e+03,6.8971e+01,1.8403e+00,4.5410e+02,4.2328e+04,-2.0057e+03,-1.4788e+01,-1.9910e+02,2.7249e+00
7.3333e+01,1.9165e+03,6.1968e+01,1.8898e+00,4.2090e+02,4.2992e+04,-2.0424e+03,-1.4645e+01,-1.9746e+02,1.6143e+00
7.3330e+01,1.9080e+03,7.9908e+01,1.9970e+00,4.2738e+02,4.2672e+04,-2.3343e+03,-1.6026e+01,-1.9552e+02,1.5531e+00
7.3302e+01,1.9152e+03,7.9429e+01,1.9191e+00,4.2092e+02,4.2947e+04,-2.1029e+03,-1.5321e+01,-1.9736e+02,1.8348e+00
7.3306e+01,1.8924e+03,6.9245e+01,1.8449e+00,4.4625e+02,4.2443e+04,-2.0385e+03,-1.5018e+01,-1.9744e+02,1.4892e+00
7.3855e+01,1.9219e+03,7.9345e+01,1.9535e+00,4.1403e+02,4.2974e+04,-2.1904e+03,-1.5662e+01,-1.9484e+02,8.8537e-01
7.3869e+01,1.9470e+03,7.6554e+01,1.9790e+00,4.0735e+02,4.3295e+04,-2.3324e+03,-1.5597e+01,-1.9363e+02,1.6968e+00
7.3324e+01,1.9384e+03,6.2567e+01,1.8421e+00,4.4404e+02,4.3271e+04,-2.0106e+03,-1.4952e+01,-1.9670e+02,4.7319e-01
7.3292e+01,1.9339e+03,6.2496e+01,1.9887e+00,4.0773e+02,4.3277e+04,-2.0242e+03,-1.5541e+01,-1.9753e+02,6.3498e-01
7.3755e+01,1.8947e+03,5.9608e+01,1.8430e+00,4.4471e+02,4.2585e+04,-2.0187e+03,-1.4712e+01,-1.9941e+02,6.9301e-01
7.3271e+01,1.9160e+03,6.5568e+01,1.9444e+00,4.2200e+02,4.2646e+04,-2.2803e+03,-1.5035e+01,-1.9391e+02,2.8242e+00
7.3378e+01,1.9178e+03,6.2855e+01,1.8920e+00,4.1743e+02,4.2857e+04,-2.1067e+03,-1.4630e+01,-1.9540e+02,1.7144e+00
7.3661e+01,1.8858e+03,6.0280e+01,1.9734e+00,4.6450e+02,4.2352e+04,-2.2995e+03,-1.5362e+01,-1.9890e+02,8.7449e-01
7.3293e+01,1.8871e+03,6.2436e+01,1.9373e+00,4.6406e+02,4.2306e+04,-2.2705e+03,-1.5096e+01,-1.9824e+02,6.8943e-01
7.3407e+01,1.8866e+03,7.8719e+01,1.9629e+00,4.5353e+02,4.2409e+04,-2.1286e+03,-1.5860e+01,-1.9956e+02,2.8525e+00
7.3877e+01,1.9041e+03,6.8709e+01,1.9858e+00,4.2997e+02,4.2631e+04,-2.3264e+03,-1.5430e+01,-1.9615e+02,1.7182e+00
7.3293e+01,1.9124e+03,7.9053e+01,1.8683e+00,4.2214e+02,4.2752e+04,-2.0737e+03,-1.5015e+01,-1.9583e+02,2.8740e+00
7.3379e+01,1.8855e+03,6.0905e+01,1.9393e+00,4.8795e+02,4.2339e+04,-2.2115e+03,-1.5209e+01,-1.9910e+02,2.8202e+00
7.3305e+01,1.8870e+03,7.9717e+01,1.9554e+00,4.8848e+02,4.2218e+04,-2.3987e+03,-1.5714e+01,-1.9642e+02,1.7646e+00
7.3278e+01,1.9189e+03,6.8696e+01,1.9998e+00,4.1457e+02,4.2653e+04,-2.4842e+03,-1.5346e+01,-1.9282e+02,1.4967e+00
7.3809e+01,1.8981e+03,6.0783e+01,1.9879e+00,4.4931e+02,4.2708e+04,-2.1530e+03,-1.5519e+01,-1.9973e+02,8.6595e-01
7.3749e+01,1.9188e+03,6.0342e+01,1.9726e+00,4.1938e+02,4.3051e+04,-2.0321e+03,-1.5547e+01,-1.9875e+02,8.0656e-01
7.3282e+01,1.9308e+03,7.9781e+01,1.9467e+00,4.1066e+02,4.3201e+04,-2.1119e+03,-1.5994e+01,-1.9696e+02,1.7907e+00
7.3332e+01,1.9326e+03,6.2620e+01,1.9763e+00,4.1034e+02,4.3185e+04,-2.0838e+03,-1.5845e+01,-1.9654e+02,6.6135e-01
7.3812e+01,1.9290e+03,6.2014e+01,1.9292e+00,4.1706e+02,4.3244e+04,-2.0926e+03,-1.5353e+01,-1.9753e+02,1.7162e+00
7.3599e+01,1.8882e+03,6.0944e+01,1.8311e+00,4.4827e+02,4.2435e+04,-2.0224e+03,-1.4854e+01,-1.9959e+02,7.6286e-01
7.3296e+01,1.9286e+03,7.9693e+01,1.9987e+00,4.1756e+02,4.3144e+04,-2.1932e+03,-1.6225e+01,-1.9713e+02,6.8847e-01
7.3303e+01,1.8991e+03,6.2501e+01,1.9462e+00,4.4134e+02,4.2389e+04,-2.3427e+03,-1.5131e+01,-1.9572e+02,7.2195e-01
7.3602e+01,1.8902e+03,6.1726e+01,1.8986e+00,4.4934e+02,4.2336e+04,-2.2207e+03,-1.4976e+01,-1.9729e+02,7.1499e-01
7.3342e+01,1.9315e+03,6.2867e+01,1.8314e+00,4.1967e+02,4.3064e+04,-2.0008e+03,-1.4666e+01,-1.9544e+02,6.9554e-01
7.3843e+01,1.9327e+03,6.9375e+01,1.9956e+00,4.0458e+02,4.3011e+04,-2.3447e+03,-1.5639e+01,-1.9375e+02,9.9466e-01
7.3311e+01,1.9354e+03,7.9215e+01,1.9310e+00,4.1475e+02,4.3230e+04,-2.1016e+03,-1.5567e+01,-1.9689e+02,6.1294e-01
7.3611e+01,1.8866e+03,6.1637e+01,1.9126e+00,4.6531e+02,4.2329e+04,-2.2584e+03,-1.5194e+01,-1.9821e+02,8.0191e-01
7.3681e+01,1.8869e+03,7.8569e+01,1.9948e+00,4.5400e+02,4.2429e+04,-2.1892e+03,-1.6123e+01,-1.9999e+02,9.2304e-01
7.3878e+01,1.9105e+03,7.2283e+01,1.9657e+00,4.2475e+02,4.2847e+04,-2.0211e+03,-1.5700e+01,-1.9509e+02,1.3873e+00
7.3813e+01,1.9260e+03,6.1307e+01,1.9268e+00,4.4609e+02,4.3079e+04,-2.1515e+03,-1.5203e+01,-1.9773e+02,6.8060e-01
7.3809e+01,1.9106e+03,7.8892e+01,1.8508e+00,4.2416e+02,4.2868e+04,-2.0616e+03,-1.5088e+01,-1.9748e+02,9.2697e-01
7.3879e+01,1.9152e+03,6.2332e+01,1.9148e+00,4.1944e+02,4.2941e+04,-2.0658e+03,-1.5092e+01,-1.9586e+02,8.9772e-01
7.3292e+01,1.9181e+03,6.9962e+01,1.9021e+00,4.1669e+02,4.2966e+04,-2.0801e+03,-1.5172e+01,-1.9613e+02,8.1201e-01
7.3271e+01,1.9282e+03,7.9470e+01,1.9535e+00,4.0878e+02,4.2770e+04,-2.4492e+03,-1.5140e+01,-1.9219e+02,1.7136e+00
7.3313e+01,1.8937e+03,6.1349e+01,1.9927e+00,4.5622e+02,4.2656e+04,-2.2189e+03,-1.5404e+01,-1.9953e+02,1.7106e+00
7.3636e+01,1.8900e+03,6.0987e+01,1.9969e+00,4.8170e+02,4.2521e+04,-2.2263e+03,-1.6009e+01,-1.9980e+02,1.2995e+00
7.3306e+01,1.8856e+03,6.1622e+01,1.8892e+00,4.4991e+02,4.2386e+04,-2.0574e+03,-1.4805e+01,-1.9947e+02,1.3654e+00
7.3826e+01,1.9287e+03,7.9102e+01,1.9952e+00,4.2210e+02,4.2809e+04,-2.3880e+03,-1.5769e+01,-1.9249e+02,9.1204e-01
7.3704e+01,1.8870e+03,5.9443e+01,1.9603e+00,4.6362e+02,4.2524e+04,-2.1484e+03,-1.5819e+01,-2.0082e+02,7.9603e-01
7.3311e+01,1.9199e+03,6.8447e+01,1.9902e+00,4.1898e+02,4.2877e+04,-2.3110e+03,-1.5825e+01,-1.9561e+02,1.3361e+00
7.3301e+01,1.8891e+03,6.8164e+01,1.9835e+00,4.5103e+02,4.2216e+04,-2.3025e+03,-1.5278e+01,-1.9547e+02,8.1225e-01
7.3349e+01,1.8871e+03,6.7014e+01,1.9617e+00,4.5049e+02,4.2499e+04,-2.1188e+03,-1.5439e+01,-2.0021e+02,7.0667e-01
7.3761e+01,1.8854e+03,6.1387e+01,1.8488e+00,4.6233e+02,4.2428e+04,-2.0339e+03,-1.4873e+01,-1.9973e+02,2.4138e+00
7.3285e+01,1.9339e+03,6.2205e+01,1.9787e+00,4.0809e+02,4.3217e+04,-2.0872e+03,-1.5873e+01,-1.9710e+02,1.6130e+00
7.3313e+01,1.9134e+03,6.8292e+01,1.8789e+00,4.2506e+02,4.2861e+04,-2.0313e+03,-1.4611e+01,-1.9720e+02,8.0953e-01
7.3276e+01,1.8880e+03,6.2498e+01,1.9854e+00,4.4831e+02,4.2257e+04,-2.2996e+03,-1.5398e+01,-1.9572e+02,1.5326e+00
7.3303e+01,1.8993e+03,6.1562e+01,1.8163e+00,4.4589e+02,4.2763e+04,-2.0156e+03,-1.4720e+01,-1.9926e+02,1.3848e+00
7.3291e+01,1.9144e+03,6.2008e+01,1.9282e+00,4.7169e+02,4.2860e+04,-2.1825e+03,-1.5373e+01,-1.9822e+02,6.8849e-01
7.3284e+01,1.8854e+03,7.8172e+01,1.9829e+00,4.5160e+02,4.2190e+04,-2.4886e+03,-1.5470e+01,-1.9638e+02,1.4560e+00
7.3311e+01,1.8873e+03,6.1565e+01,1.8202e+00,4.4744e+02,4.2395e+04,-2.0203e+03,-1.4727e+01,-1.9876e+02,7.5182e-01
7.3289e+01,1.8851e+03,6.6521e+01,1.9372e+00,4.5317e+02,4.2309e+04,-2.2154e+03,-1.5033e+01,-1.9855e+02,6.7205e-01
7.3285e+01,1.8859e+03,6.2393e+01,1.9907e+00,4.6095e+02,4.2305e+04,-2.1647e+03,-1.5896e+01,-1.9787e+02,9.0614e-01
7.3338e+01,1.8891e+03,6.1631e+01,1.8361e+00,4.6709e+02,4.2352e+04,-2.0899e+03,-1.4866e+01,-1.9823e+02,8.2387e-01
7.3300e+01,1.8850e+03,7.6619e+01,1.9872e+00,4.8539e+02,4.2269e+04,-2.4276e+03,-1.5487e+01,-1.9800e+02,1.0997e+00
7.3313e+01,1.9212e+03,6.1604e+01,1.9458e+00,4.3373e+02,4.2921e+04,-2.0173e+03,-1.5727e+01,-1.9670e+02,1.8549e+00
7.3360e+01,1.9229e+03,6.0988e+01,1.9425e+00,4.7410e+02,4.3105e+04,-2.0823e+03,-1.5785e+01,-1.9919e+02,8.0657e-01
7.3313e+01,1.8979e+03,6.9493e+01,1.9395e+00,4.6377e+02,4.2865e+04,-2.0215e+03,-1.5929e+01,-2.0060e+02,1.6739e+00
7.3817e+01,1.8878e+03,7.0477e+01,1.8459e+00,4.4827e+02,4.2510e+04,-2.0214e+03,-1.5094e+01,-1.9968e+02,1.7039e+00
7.3312e+01,1.9054e+03,7.9391e+01,1.8944e+00,4.4523e+02,4.2704e+04,-2.1844e+03,-1.5495e+01,-1.9777e+02,6.6409e-01
7.3817e+01,1.9027e+03,6.7351e+01,1.8410e+00,4.4410e+02,4.2585e+04,-2.0259e+03,-1.4846e+01,-1.9728e+02,8.5468e-01
7.3339e+01,1.8985e+03,6.1048e+01,1.9603e+00,4.4692e+02,4.2675e+04,-2.0743e+03,-1.5537e+01,-1.9998e+02,6.9719e-01
7.3344e+01,1.9073e+03,6.1580e+01,1.8162e+00,4.4073e+02,4.2684e+04,-2.0463e+03,-1.4631e+01,-1.9742e+02,5.7417e-01
7.3324e+01,1.8834e+03,6.8194e+01,1.9927e+00,4.5315e+02,4.2374e+04,-2.2294e+03,-1.5189e+01,-1.9884e+02,1.5909e+00
7.3283e+01,1.9234e+03,6.9065e+01,1.9552e+00,4.3238e+02,4.2704e+04,-2.4470e+03,-1.5206e+01,-1.9263e+02,1.6001e+00
7.3877e+01,1.9199e+03,6.2851e+01,1.9589e+00,4.1644e+02,4.3175e+04,-2.0099e+03,-1.5692e+01,-1.9620e+02,1.6664e+00
7.3322e+01,1.8914e+03,7.9165e+01,1.9964e+00,4.4719e+02,4.2549e+04,-2.0361e+03,-1.6241e+01,-1.9996e+02,8.3354e-01
7.3313e+01,1.9143e+03,6.8738e+01,1.8738e+00,4.2466e+02,4.2899e+04,-2.0146e+03,-1.4926e+01,-1.9676e+02,2.8349e+00
7.3296e+01,1.9296e+03,6.2740e+01,1.9105e+00,4.1726e+02,4.3097e+04,-2.0129e+03,-1.4533e+01,-1.9668e+02,6.4052e-01
7.3280e+01,1.8832e+03,7.7121e+01,1.9905e+00,4.8005e+02,4.2128e+04,-2.4823e+03,-1.5823e+01,-1.9607e+02,1.0248e+00
7.3307e+01,1.8866e+03,6.6591e+01,1.8193e+00,4.4875e+02,4.2370e+04,-2.0278e+03,-1.4786e+01,-1.9910e+02,1.4044e+00
7.3294e+01,1.8916e+03,6.6793e+01,1.8580e+00,4.4690e+02,4.2364e+04,-2.1263e+03,-1.4732e+01,-1.9508e+02,1.4510e+00
7.3295e+01,1.9087e+03,7.7937e+01,1.8904e+00,4.2549e+02,4.2706e+04,-2.0535e+03,-1.5150e+01,-1.9609e+02,7.9388e-01
7.3315e+01,1.9100e+03,6.2749e+01,1.8843e+00,4.2493e+02,4.2693e+04,-2.0385e+03,-1.4588e+01,-1.9524e+02,1.5621e+00
7.3321e+01,1.9204e+03,7.0474e+01,1.9529e+00,4.1573e+02,4.3139e+04,-2.0025e+03,-1.5781e+01,-1.9626e+02,1.6802e+00
7.3862e+01,1.8993e+03,6.2202e+01,1.8528e+00,4.4222e+02,4.2611e+04,-2.0075e+03,-1.4832e+01,-1.9710e+02,1.6087e+00
7.3324e+01,1.8955e+03,6.1464e+01,1.9226e+00,4.9354e+02,4.2644e+04,-2.1502e+03,-1.5232e+01,-1.9931e+02,1.6595e+00
7.3294e+01,1.9425e+03,7.9209e+01,1.9622e+00,4.5493e+02,4.3566e+04,-2.0866e+03,-1.6217e+01,-1.9805e+02,2.2296e+00
7.3284e+01,1.9158e+03,6.2581e+01,1.9801e+00,4.2108e+02,4.3100e+04,-2.0739e+03,-1.5877e+01,-1.9660e+02,1.5668e+00
7.3752e+01,1.8892e+03,6.6539e+01,1.9877e+00,4.4896e+02,4.2583e+04,-2.0575e+03,-1.6042e+01,-2.0061e+02,8.3463e-01
7.3335e+01,1.9031e+03,6.9400e+01,1.9472e+00,4.8811e+02,4.2709e+04,-2.1397e+03,-1.5911e+01,-1.9891e+02,1.6489e+00
7.3833e+01,1.8992e+03,7.0906e+01,1.9985e+00,4.4820e+02,4.2661e+04,-2.1559e+03,-1.6205e+01,-1.9952e+02,1.3361e+00
7.3324e+01,1.8917e+03,6.2229e+01,1.8642e+00,4.7291e+02,4.2326e+04,-2.1564e+03,-1.4774e+01,-1.9689e+02,1.4331e+00
7.3401e+01,1.8981e+03,6.1748e+01,1.9866e+00,4.4330e+02,4.2473e+04,-2.4669e+03,-1.5396e+01,-1.9553e+02,1.1815e+00
7.3305e+01,1.8838e+03,7.8772e+01,1.8584e+00,4.9422e+02,4.2256e+04,-2.1419e+03,-1.5328e+01,-1.9823e+02,1.2116e+00
7.3696e+01,1.8922e+03,6.8822e+01,1.9959e+00,4.7252e+02,4.2507e+04,-2.2518e+03,-1.6034e+01,-1.9965e+02,9.1141e-01
7.3320e+01,1.9209e+03,6.2171e+01,1.9487e+00,4.9072e+02,4.2940e+04,-2.1823e+03,-1.5746e+01,-1.9692e+02,1.4738e+00
7.3286e+01,1.8911e+03,6.3871e+01,1.9998e+00,4.4673e+02,4.2427e+04,-2.2655e+03,-1.5865e+01,-1.9895e+02,7.0405e-01
7.3272e+01,1.9158e+03,6.7081e+01,1.9975e+00,4.2206e+02,4.2601e+04,-2.3922e+03,-1.5190e+01,-1.9326e+02,2.7627e+00
7.3827e+01,1.8864e+03,7.7381e+01,1.9386e+00,4.8879e+02,4.2484e+04,-2.1662e+03,-1.5796e+01,-1.9950e+02,1.1443e+00
7.3865e+01,1.9156e+03,6.0754e+01,1.8986e+00,4.1984e+02,4.2967e+04,-2.0157e+03,-1.4575e+01,-1.9715e+02,8.3327e-01
7.3279e+01,1.9359e+03,6.9217e+01,1.9937e+00,4.2098e+02,4.3053e+04,-2.3923e+03,-1.5570e+01,-1.9379e+02,1.4148e+00
7.3314e+01,1.8846e+03,6.6858e+01,1.8896e+00,4.7031e+02,4.2331e+04,-2.1339e+03,-1.5196e+01,-1.9893e+02,8.0518e-01
7.3584e+01,1.8890e+03,6.8147e+01,1.9853e+00,4.4515e+02,4.2265e+04,-2.4742e+03,-1.5388e+01,-1.9561e+02,7.8020e-01
7.3847e+01,1.9280e+03,6.2238e+01,1.8560e+00,4.2466e+02,4.3134e+04,-2.0085e+03,-1.4902e+01,-1.9758e+02,1.5003e+00
7.3345e+01,1.9898e+03,6.4735e+01,1.9690e+00,4.1083e+02,4.3799e+04,-2.4445e+03,-1.4999e+01,-1.8784e+02,3.8260e-01
7.3713e+01,1.8841e+03,6.8072e+01,1.9916e+00,4.5246e+02,4.2292e+04,-2.4051e+03,-1.5344e+01,-1.9758e+02,1.6243e+00
7.3288e+01,1.8881e+03,6.9893e+01,1.9957e+00,4.4982e+02,4.2473e+04,-2.0979e+03,-1.6059e+01,-1.9758e+02,9.4732e-01
7.3372e+01,1.9162e+03,6.3114e+01,1.9545e+00,4.1984e+02,4.2866e+04,-2.1849e+03,-1.4813e+01,-1.9546e+02,7.6181e-01
7.3902e+01,1.9326e+03,6.3347e+01,1.9983e+00,4.2706e+02,4.3090e+04,-2.3348e+03,-1.5506e+01,-1.9586e+02,1.4745e+00
7.3828e+01,1.9094e+03,7.9512e+01,1.8683e+00,4.2763e+02,4.2757e+04,-2.0984e+03,-1.5085e+01,-1.9559e+02,1.7756e+00
7.4486e+01,1.8852e+03,6.0028e+01,1.9605e+00,4.5114e+02,4.2523e+04,-2.0356e+03,-1.5230e+01,-2.0002e+02,1.0484e+00
7.3311e+01,1.9187e+03,7.1029e+01,1.9484e+00,4.4899e+02,4.2894e+04,-2.1697e+03,-1.5837e+01,-1.9675e+02,1.8822e+00
7.3785e+01,1.8845e+03,6.6653e+01,1.9096e+00,4.7192e+02,4.2382e+04,-2.1854e+03,-1.5293e+01,-1.9908e+02,9.2190e-01
7.3346e+01,1.8865e+03,6.7715e+01,1.9930e+00,4.8043e+02,4.2385e+04,-2.2910e+03,-1.6002e+01,-1.9964e+02,1.3843e+00
7.3319e+01,1.8945e+03,6.1836e+01,1.9985e+00,4.4316e+02,4.2525e+04,-2.2555e+03,-1.6006e+01,-1.9878e+02,8.9203e-01
7.3626e+01,1.8892e+03,6.0010e+01,1.8729e+00,4.4722e+02,4.2446e+04,-2.0993e+03,-1.4890e+01,-1.9897e+02,7.2992e-01
7.3310e+01,1.8895e+03,6.1359e+01,1.8310e+00,4.4896e+02,4.2418e+04,-2.0017e+03,-1.4863e+01,-1.9923e+02,1.4266e+00
7.3325e+01,1.9133e+03,7.9126e+01,1.9895e+00,4.5725e+02,4.2687e+04,-2.4459e+03,-1.5908e+01,-1.9540e+02,6.5700e-01
7.3919e+01,1.9102e+03,6.3366e+01,1.9953e+00,4.2619e+02,4.2646e+04,-2.2914e+03,-1.5222e+01,-1.9421e+02,1.8220e+00
7.3957e+01,1.9117e+03,6.2503e+01,1.8645e+00,4.2350e+02,4.2877e+04,-2.0191e+03,-1.4761e+01,-1.9679e+02,2.7888e+00
7.3333e+01,1.9152e+03,6.2400e+01,1.8278e+00,4.2112e+02,4.2895e+04,-2.0193e+03,-1.4563e+01,-1.9677e+02,1.4789e+00
7.3868e+01,1.9422e+03,6.1830e+01,1.9852e+00,4.0727e+02,4.3384e+04,-2.0924e+03,-1.5835e+01,-1.9565e+02,2.0656e+00
7.3309e+01,1.9343e+03,6.8980e+01,1.8440e+00,4.2116e+02,4.3035e+04,-2.0687e+03,-1.4544e+01,-1.9439e+02,7.1972e-01
7.3277e+01,1.9319e+03,7.9719e+01,1.9980e+00,4.3393e+02,4.3120e+04,-2.3316e+03,-1.5990e+01,-1.9601e+02,6.6241e-01
7.3828e+01,1.9405e+03,6.3407e+01,1.9797e+00,4.0703e+02,4.3042e+04,-2.3762e+03,-1.5067e+01,-1.9190e+02,1.6313e+00
7.3770e+01,1.8894e+03,7.7239e+01,1.9113e+00,4.4800e+02,4.2424e+04,-2.1854e+03,-1.5472e+01,-1.9843e+02,8.6152e-01
7.3315e+01,1.8921e+03,6.4164e+01,1.9994e+00,4.4480e+02,4.2491e+04,-2.2585e+03,-1.6024e+01,-1.9882e+02,7.5456e-01
7.3817e+01,1.8983e+03,6.2242e+01,1.9999e+00,4.3803e+02,4.2727e+04,-2.1450e+03,-1.5799e+01,-1.9834e+02,2.7464e+00
7.3300e+01,1.9110e+03,7.8090e+01,1.8395e+00,4.2590e+02,4.2769e+04,-2.0151e+03,-1.4611e+01,-1.9713e+02,8.9228e-01
7.3301e+01,1.8843e+03,6.9271e+01,1.8761e+00,4.9818e+02,4.2443e+04,-2.1466e+03,-1.5042e+01,-1.9886e+02,1.8803e+00
7.3666e+01,1.8979e+03,6.9980e+01,1.8434e+00,4.3846e+02,4.2610e+04,-2.0229e+03,-1.4701e+01,-1.9795e+02,2.6611e+00
7.3776e+01,1.8982e+03,6.1121e+01,1.8663e+00,4.8783e+02,4.2650e+04,-2.0988e+03,-1.4993e+01,-1.9854e+02,1.3226e+00
7.3300e+01,1.9158e+03,6.8925e+01,1.8604e+00,4.3965e+02,4.2730e+04,-2.1238e+03,-1.4806e+01,-1.9538e+02,1.5222e+00
7.3317e+01,1.9098e+03,6.2961e+01,1.8496e+00,4.2632e+02,4.2699e+04,-2.0400e+03,-1.4614e+01,-1.9650e+02,2.7123e+00
7.3849e+01,1.9075e+03,6.8266e+01,1.9849e+00,4.3409e+02,4.2820e+04,-2.0616e+03,-1.5925e+01,-1.9926e+02,1.0253e+00
7.3305e+01,1.9070e+03,7.8906e+01,1.8481e+00,4.2918e+02,4.2628e+04,-2.0909e+03,-1.4569e+01,-1.9549e+02,1.6997e+00
7.3839e+01,1.8898e+03,7.8800e+01,1.9708e+00,4.4900e+02,4.2597e+04,-2.0474e+03,-1.6031e+01,-2.0114e+02,9.9840e-01
7.3283e+01,1.9070e+03,6.2842e+01,1.9756e+00,4.7181e+02,4.2550e+04,-2.4429e+03,-1.5419e+01,-1.9552e+02,7.4853e-01
7.3799e+01,1.8893e+03,6.1141e+01,1.8315e+00,4.4862e+02,4.2541e+04,-2.0253e+03,-1.4705e+01,-1.9918e+02,1.6827e+00
7.3770e+01,1.8945e+03,6.8309e+01,1.9465e+00,4.4815e+02,4.2627e+04,-2.0299e+03,-1.5736e+01,-2.0093e+02,7.9784e-01
7.3267e+01,1.9301e+03,7.7835e+01,1.9704e+00,4.1089e+02,4.2930e+04,-2.4155e+03,-1.5375e+01,-1.9339e+02,8.1778e-01
7.3309e+01,1.8927e+03,6.4299e+01,1.8532e+00,4.6712e+02,4.2420e+04,-2.1396e+03,-1.4960e+01,-1.9770e+02,8.5656e-01
7.3824e+01,1.9115e+03,7.9641e+01,1.9683e+00,4.2163e+02,4.2739e+04,-2.3485e+03,-1.5604e+01,-1.9410e+02,1.6194e+00
7.3876e+01,1.9090e+03,6.1978e+01,1.9644e+00,4.3197e+02,4.2903e+04,-2.0107e+03,-1.5730e+01,-1.9892e+02,2.7866e+00
7.3851e+01,1.9355e+03,6.3112e+01,1.9922e+00,4.4133e+02,4.3084e+04,-2.3469e+03,-1.5570e+01,-1.9456e+02,1.7008e+00
7.3291e+01,1.8993e+03,6.2422e+01,1.9464e+00,4.8555e+02,4.2378e+04,-2.3859e+03,-1.5228e+01,-1.9520e+02,1.3007e+00
7.3292e+01,1.9103e+03,6.7512e+01,1.8310e+00,4.2652e+02,4.2723e+04,-2.0761e+03,-1.4677e+01,-1.9660e+02,8.5848e-01
7.3892e+01,1.9305e+03,6.2456e+01,1.9964e+00,4.3980e+02,4.3085e+04,-2.3384e+03,-1.5511e+01,-1.9580e+02,1.7590e+00
7.3685e+01,1.8850e+03,7.7435e+01,1.9816e+00,4.7335e+02,4.2301e+04,-2.4021e+03,-1.5565e+01,-1.9758e+02,1.1794e+00
7.3289e+01,1.8912e+03,6.1284e+01,1.9654e+00,4.7998e+02,4.2482e+04,-2.0834e+03,-1.5902e+01,-1.9978e+02,2.3896e+00
7.3871e+01,1.9088e+03,6.2365e+01,1.8657e+00,4.2740e+02,4.2779e+04,-2.0361e+03,-1.4757e+01,-1.9639e+02,2.8591e+00
7.3783e+01,1.9135e+03,6.2490e+01,1.9189e+00,4.3069e+02,4.2800e+04,-2.0338e+03,-1.5016e+01,-1.9559e+02,1.6839e+00
7.3610e+01,1.8864e+03,6.1571e+01,1.9536e+00,4.4882e+02,4.2361e+04,-2.2213e+03,-1.5065e+01,-1.9871e+02,8.3422e-01
7.3301e+01,1.9154e+03,6.8007e+01,1.8540e+00,4.4224e+02,4.2697e+04,-2.1645e+03,-1.4751e+01,-1.9529e+02,7.2424e-01
7.3728e+01,1.8891e+03,7.7611e+01,1.9335e+00,4.5366e+02,4.2578e+04,-2.0523e+03,-1.5994e+01,-2.0053e+02,1.6313e+00
7.3746e+01,1.8854e+03,6.1934e+01,1.9034e+00,4.5125e+02,4.2403e+04,-2.1396e+03,-1.4966e+01,-1.9820e+02,2.7354e+00
7.3606e+01,1.8929e+03,6.1012e+01,1.8188e+00,4.4868e+02,4.2485e+04,-2.0098e+03,-1.4798e+01,-1.9923e+02,7.2495e-01
7.3868e+01,1.9258e+03,7.9213e+01,1.9866e+00,4.3055e+02,4.2979e+04,-2.3450e+03,-1.5825e+01,-1.9555e+02,8.5778e-01
7.3290e+01,1.8914e+03,6.9688e+01,1.9625e+00,4.8402e+02,4.2502e+04,-2.0608e+03,-1.5893e+01,-2.0002e+02,2.9392e+00
7.3839e+01,1.9139e+03,6.7494e+01,1.8873e+00,4.2246e+02,4.2807e+04,-2.0376e+03,-1.4916e+01,-1.9692e+02,9.9123e-01
7.3833e+01,1.9280e+03,6.5008e+01,1.9981e+00,4.1551e+02,4.2910e+04,-2.4035e+03,-1.5456e+01,-1.9329e+02,1.7209e+00
7.3802e+01,1.9114e+03,6.3703e+01,1.8409e+00,4.2858e+02,4.2765e+04,-2.0507e+03,-1.4697e+01,-1.9618e+02,8.3146e-01
7.3288e+01,1.9146e+03,7.8871e+01,1.9761e+00,4.2420e+02,4.2832e+04,-2.1357e+03,-1.5823e+01,-1.9698e+02,2.8815e+00
7.3515e+01,1.8987e+03,6.2173e+01,1.9995e+00,4.4160e+02,4.2469e+04,-2.4601e+03,-1.5514e+01,-1.9589e+02,8.6896e-01
7.3286e+01,1.9899e+03,7.1238e+01,1.9774e+00,4.1164e+02,4.3764e+04,-2.4952e+03,-1.5209e+01,-1.8729e+02,5.4707e-01
7.3824e+01,1.9021e+03,6.3737e+01,1.9487e+00,4.4151e+02,4.2806e+04,-2.0081e+03,-1.5842e+01,-2.0013e+02,8.0950e-01
7.4578e+01,1.8963e+03,6.5406e+01,1.9946e+00,4.4065e+02,4.2701e+04,-2.0502e+03,-1.5592e+01,-1.9951e+02,1.2332e+00
7.3851e+01,1.8959e+03,6.0566e+01,1.9753e+00,4.8539e+02,4.2731e+04,-2.0995e+03,-1.5964e+01,-2.0081e+02,1.7807e+00
7.3816e+01,1.9051e+03,7.9374e+01,1.9921e+00,4.2898e+02,4.2614e+04,-2.3764e+03,-1.5819e+01,-1.9531e+02,1.6541e+00
7.3808e+01,1.9118e+03,6.7644e+01,1.9975e+00,4.2234e+02,4.2704e+04,-2.3857e+03,-1.5444e+01,-1.9436e+02,1.5904e+00
7.3816e+01,1.9109e+03,6.3087e+01,1.9869e+00,4.2935e+02,4.2757e+04,-2.0581e+03,-1.5680e+01,-1.9520e+02,1.2841e+00
7.3290e+01,1.9131e+03,6.3858e+01,1.8497e+00,4.2031e+02,4.2899e+04,-2.0332e+03,-1.4599e+01,-1.9600e+02,2.6561e+00
7.3317e+01,1.9041e+03,6.2706e+01,1.9002e+00,4.3200e+02,4.2587e+04,-2.1329e+03,-1.4794e+01,-1.9644e+02,2.7303e+00
7.3756e+01,1.9058e+03,5.9995e+01,1.8340e+00,4.4054e+02,4.2768e+04,-2.0175e+03,-1.4727e+01,-1.9820e+02,8.6626e-01
7.3840e+01,1.9286e+03,6.6091e+01,1.9989e+00,4.3565e+02,4.3019e+04,-2.3398e+03,-1.5685e+01,-1.9587e+02,8.5654e-01
7.3508e+01,1.9364e+03,6.3041e+01,1.9763e+00,4.4043e+02,4.3049e+04,-2.4265e+03,-1.5264e+01,-1.9299e+02,5.1155e-01
7.3290e+01,1.9297e+03,6.2721e+01,1.9998e+00,4.3532e+02,4.3051e+04,-2.3393e+03,-1.5699e+01,-1.9613e+02,1.5580e+00
7.3270e+01,1.9181e+03,6.3695e+01,1.9888e+00,4.1551e+02,4.2667e+04,-2.3998e+03,-1.5102e+01,-1.9257e+02,2.7009e+00
7.3340e+01,1.8965e+03,6.1633e+01,1.8266e+00,4.6496e+02,4.2562e+04,-2.0600e+03,-1.4831e+01,-1.9913e+02,7.2847e-01
7.3572e+01,1.9206e+03,6.9503e+01,1.9641e+00,4.1748e+02,4.2763e+04,-2.4138e+03,-1.5169e+01,-1.9364e+02,8.4878e-01
7.3303e+01,1.8904e+03,6.1101e+01,1.9689e+00,4.4937e+02,4.2672e+04,-2.1282e+03,-1.5926e+01,-1.9966e+02,1.8205e+00
7.3333e+01,1.8876e+03,6.6394e+01,1.9982e+00,4.4693e+02,4.2240e+04,-2.5013e+03,-1.5607e+01,-1.9595e+02,7.0546e-01
7.3422e+01,1.8941e+03,6.1697e+01,1.9890e+00,4.4658e+02,4.2498e+04,-2.1715e+03,-1.5972e+01,-1.9857e+02,8.5487e-01
7.3853e+01,1.9148e+03,6.2930e+01,1.9027e+00,4.2120e+02,4.2861e+04,-2.1461e+03,-1.4737e+01,-1.9595e+02,1.1307e+00
7.3745e+01,1.9007e+03,7.1292e+01,1.8619e+00,4.4261e+02,4.2577e+04,-2.1034e+03,-1.4988e+01,-1.9721e+02,7.8100e-01
7.3329e+01,1.9277e+03,6.3727e+01,1.9745e+00,4.1332e+02,4.2855e+04,-2.4126e+03,-1.5172e+01,-1.9276e+02,7.2025e-01
7.3744e+01,1.9218e+03,6.7669e+01,1.9893e+00,4.1511e+02,4.2769e+04,-2.4356e+03,-1.5345e+01,-1.9307e+02,1.6881e+00
7.3307e+01,1.9049e+03,7.9692e+01,1.9387e+00,4.3851e+02,4.2824e+04,-2.0498e+03,-1.5963e+01,-1.9833e+02,7.3076e-01
7.3280e+01,1.9271e+03,7.9467e+01,1.9916e+00,4.2902e+02,4.2998e+04,-2.3487e+03,-1.5900e+01,-1.9577e+02,1.5680e+00
7.3781e+01,1.8896e+03,6.1777e+01,1.9905e+00,4.6181e+02,4.2371e+04,-2.3988e+03,-1.5418e+01,-1.9722e+02,9.4310e-01
7.3317e+01,1.9168e+03,6.2786e+01,1.8566e+00,4.2884e+02,4.2728e+04,-2.1697e+03,-1.4774e+01,-1.9538e+02,1.5484e+00
7.3798e+01,1.8965e+03,7.2695e+01,1.8739e+00,4.4959e+02,4.2455e+04,-2.1120e+03,-1.4671e+01,-1.9617e+02,1.7268e+00
7.3321e+01,1.9069e+03,6.2178e+01,1.9754e+00,4.3644e+02,4.2811e+04,-2.0662e+03,-1.5958e+01,-1.9785e+02,9.0757e-01
7.3888e+01,1.8903e+03,7.7490e+01,1.9801e+00,4.7803e+02,4.2239e+04,-2.1725e+03,-1.5701e+01,-1.9570e+02,1.7991e+00
7.3297e+01,1.9007e+03,6.3328e+01,1.9962e+00,4.3920e+02,4.2542e+04,-2.4476e+03,-1.5550e+01,-1.9568e+02,1.4553e+00
7.3849e+01,1.9049e+03,6.7610e+01,1.9989e+00,4.4559e+02,4.2533e+04,-2.3714e+03,-1.5647e+01,-1.9603e+02,9.6852e-01
7.3867e+01,1.9033e+03,7.9518e+01,1.9417e+00,4.3498e+02,4.2798e+04,-2.0951e+03,-1.5810e+01,-1.9759e+02,9.0674e-01
7.3317e+01,1.9287e+03,6.3010e+01,1.9541e+00,4.2438e+02,4.2879e+04,-2.4206e+03,-1.5198e+01,-1.9307e+02,6.5077e-01
7.3894e+01,1.9175e+03,7.3030e+01,1.9175e+00,4.1725e+02,4.2925e+04,-2.1170e+03,-1.5170e+01,-1.9670e+02,1.6161e+00
7.3778e+01,1.9328e+03,6.5009e+01,1.9879e+00,4.1763e+02,4.3057e+04,-2.3453e+03,-1.5364e+01,-1.9477e+02,8.8757e-01
7.3922e+01,1.9246e+03,7.1678e+01,1.9897e+00,4.1689e+02,4.2897e+04,-2.3069e+03,-1.5594e+01,-1.9509e+02,1.6368e+00
7.3289e+01,1.9120e+03,6.2671e+01,1.8999e+00,4.2717e+02,4.2709e+04,-2.1220e+03,-1.5179e+01,-1.9552e+02,1.6829e+00
7.3728e+01,1.8994e+03,6.2234e+01,1.8770e+00,4.3526e+02,4.2597e+04,-2.1080e+03,-1.4858e+01,-1.9687e+02,8.5245e-01
7.3351e+01,1.9152e+03,6.2275e+01,1.8374e+00,4.2827e+02,4.2866e+04,-2.0648e+03,-1.4680e+01,-1.9714e+02,1.9810e+00
7.3533e+01,1.8945e+03,6.2571e+01,1.8851e+00,4.4499e+02,4.2462e+04,-2.2147e+03,-1.5002e+01,-1.9737e+02,7.9738e-01
7.3320e+01,1.9049e+03,7.8275e+01,1.8435e+00,4.2983e+02,4.2654e+04,-2.0731e+03,-1.4767e+01,-1.9650e+02,8.9240e-01
7.3289e+01,1.8930e+03,7.7403e+01,1.9734e+00,4.4288e+02,4.2322e+04,-2.4362e+03,-1.5377e+01,-1.9590e+02,8.7967e-01
7.3288e+01,1.8910e+03,7.9676e+01,1.9608e+00,4.5149e+02,4.2230e+04,-2.4489e+03,-1.5390e+01,-1.9546e+02,1.8347e+00
7.3486e+01,1.9910e+03,6.3365e+01,1.9586e+00,4.1547e+02,4.3987e+04,-2.2393e+03,-1.4960e+01,-1.9009e+02,5.2794e-01
7.3298e+01,1.9151e+03,7.9076e+01,1.9159e+00,4.3187e+02,4.2592e+04,-2.1557e+03,-1.4597e+01,-1.9332e+02,8.6719e-01
7.3284e+01,1.9223e+03,6.6795e+01,1.9960e+00,4.4614e+02,4.2931e+04,-2.3415e+03,-1.5393e+01,-1.9648e+02,6.5795e-01
7.3724e+01,1.8978e+03,7.7674e+01,1.8469e+00,4.4284e+02,4.2575e+04,-2.0326e+03,-1.4859e+01,-1.9844e+02,9.4198e-01
7.3789e+01,1.8981e+03,7.8201e+01,1.9743e+00,4.4545e+02,4.2539e+04,-2.3629e+03,-1.5713e+01,-1.9620e+02,9.3814e-01
7.3633e+01,1.9168e+03,6.2143e+01,1.8491e+00,4.2506e+02,4.2849e+04,-2.0692e+03,-1.4639e+01,-1.9669e+02,7.2510e-01
7.3700e+01,1.8840e+03,6.7159e+01,1.9807e+00,4.7432e+02,4.2261e+04,-2.4059e+03,-1.5494e+01,-1.9753e+02,9.5978e-01
7.3610e+01,1.8993e+03,6.2906e+01,1.9545e+00,4.3947e+02,4.2406e+04,-2.3384e+03,-1.5135e+01,-1.9575e+02,8.0550e-01
7.3419e+01,1.8954e+03,6.6698e+01,1.9469e+00,4.4528e+02,4.2559e+04,-2.1438e+03,-1.5722e+01,-1.9897e+02,7.3894e-01
7.3295e+01,1.9007e+03,6.2295e+01,1.8847e+00,4.3910e+02,4.2530e+04,-2.2327e+03,-1.4979e+01,-1.9682e+02,6.6111e-01
7.3283e+01,1.8921e+03,6.1934e+01,1.9993e+00,4.5002e+02,4.2460e+04,-2.2693e+03,-1.5992e+01,-1.9883e+02,7.9754e-01
7.3304e+01,1.8962e+03,6.5201e+01,1.9081e+00,4.5924e+02,4.2538e+04,-2.2047e+03,-1.5344e+01,-1.9877e+02,6.7844e-01
